<Theme name="Vaporwave">
    <Options>
        <Theme_Style name="Window_Border_Size" type="2" value="0"/>
        <Theme_Style name="Window_Rounding" type="2" value="4.1999998"/>
        <Theme_Style name="Child_Rounding" type="2" value="6.4000001"/>
        <Theme_Style name="Frame_Border_Size" type="2" value="0"/>
        <Theme_Style name="Frame_Rounding" type="2" value="5.0999999"/>
        <Theme_Style name="Grab_Rounding" type="2" value="10"/>
        <Theme_Style name="Tab_Rounding" type="2" value="7"/>
        <Theme_Style name="Popup_Rounding" type="2" value="10"/>
        <Theme_Colors name="Sidebar_Left_Top_R" type="2" value="0.37898827"/>
        <Theme_Colors name="Sidebar_Left_Top_G" type="2" value="0"/>
        <Theme_Colors name="Sidebar_Left_Top_B" type="2" value="1"/>
        <Theme_Colors name="Sidebar_Left_Top_A" type="2" value="1"/>
        <Theme_Colors name="Sidebar_Right_Top_R" type="2" value="0.35483885"/>
        <Theme_Colors name="Sidebar_Right_Top_G" type="2" value="0"/>
        <Theme_Colors name="Sidebar_Right_Top_B" type="2" value="1"/>
        <Theme_Colors name="Sidebar_Right_Top_A" type="2" value="1"/>
        <Theme_Colors name="Sidebar_Left_Bottom_R" type="2" value="0"/>
        <Theme_Colors name="Sidebar_Left_Bottom_G" type="2" value="0.90328026"/>
        <Theme_Colors name="Sidebar_Left_Bottom_B" type="2" value="1"/>
        <Theme_Colors name="Sidebar_Left_Bottom_A" type="2" value="1"/>
        <Theme_Colors name="Sidebar_Right_Bottom_R" type="2" value="0"/>
        <Theme_Colors name="Sidebar_Right_Bottom_G" type="2" value="1"/>
        <Theme_Colors name="Sidebar_Right_Bottom_B" type="2" value="0.97580647"/>
        <Theme_Colors name="Sidebar_Right_Bottom_A" type="2" value="1"/>
        <Theme_Colors name="Text_R" type="2" value="0.81854838"/>
        <Theme_Colors name="Text_G" type="2" value="1"/>
        <Theme_Colors name="Text_B" type="2" value="0.99136037"/>
        <Theme_Colors name="Text_A" type="2" value="1"/>
        <Theme_Colors name="Border_R" type="2" value="0.37903214"/>
        <Theme_Colors name="Border_G" type="2" value="0"/>
        <Theme_Colors name="Border_B" type="2" value="1"/>
        <Theme_Colors name="Border_A" type="2" value="0.80000007"/>
        <Theme_Colors name="Child_Border_R" type="2" value="0"/>
        <Theme_Colors name="Child_Border_G" type="2" value="0.9032259"/>
        <Theme_Colors name="Child_Border_B" type="2" value="1"/>
        <Theme_Colors name="Child_Border_A" type="2" value="0.80000007"/>
        <Theme_Colors name="Tab_Border_R" type="2" value="0"/>
        <Theme_Colors name="Tab_Border_G" type="2" value="0.92741942"/>
        <Theme_Colors name="Tab_Border_B" type="2" value="1"/>
        <Theme_Colors name="Tab_Border_A" type="2" value="0.80000007"/>
        <Theme_Colors name="Tab_Button_R" type="2" value="0.049287282"/>
        <Theme_Colors name="Tab_Button_G" type="2" value="0.00076417718"/>
        <Theme_Colors name="Tab_Button_B" type="2" value="0.18951613"/>
        <Theme_Colors name="Tab_Button_A" type="2" value="1"/>
        <Theme_Colors name="Background_R" type="2" value="0.02450189"/>
        <Theme_Colors name="Background_G" type="2" value="0"/>
        <Theme_Colors name="Background_B" type="2" value="0.10483873"/>
        <Theme_Colors name="Background_A" type="2" value="0.97647059"/>
        <Theme_Colors name="Child_Background_R" type="2" value="1e-06"/>
        <Theme_Colors name="Child_Background_G" type="2" value="0"/>
        <Theme_Colors name="Child_Background_B" type="2" value="0"/>
        <Theme_Colors name="Child_Background_A" type="2" value="0"/>
        <Theme_Colors name="Checkmark_R" type="2" value="0"/>
        <Theme_Colors name="Checkmark_G" type="2" value="0.92741942"/>
        <Theme_Colors name="Checkmark_B" type="2" value="1"/>
        <Theme_Colors name="Checkmark_A" type="2" value="1"/>
        <Theme_Colors name="Button_R" type="2" value="0"/>
        <Theme_Colors name="Button_G" type="2" value="1"/>
        <Theme_Colors name="Button_B" type="2" value="0.97580647"/>
        <Theme_Colors name="Button_A" type="2" value="0.40000001"/>
        <Theme_Colors name="Button_Hovered_R" type="2" value="0.24130137"/>
        <Theme_Colors name="Button_Hovered_G" type="2" value="0.59878731"/>
        <Theme_Colors name="Button_Hovered_B" type="2" value="0.61693549"/>
        <Theme_Colors name="Button_Hovered_A" type="2" value="1"/>
        <Theme_Colors name="Button_Clicked_R" type="2" value="0.19657257"/>
        <Theme_Colors name="Button_Clicked_G" type="2" value="0.59390968"/>
        <Theme_Colors name="Button_Clicked_B" type="2" value="0.625"/>
        <Theme_Colors name="Button_Clicked_A" type="2" value="1"/>
        <Theme_Colors name="Frame_R" type="2" value="0.26029825"/>
        <Theme_Colors name="Frame_G" type="2" value="0"/>
        <Theme_Colors name="Frame_B" type="2" value="1"/>
        <Theme_Colors name="Frame_A" type="2" value="0.40000001"/>
        <Theme_Colors name="Frame_Hovered_R" type="2" value="0.29069585"/>
        <Theme_Colors name="Frame_Hovered_G" type="2" value="0.15013656"/>
        <Theme_Colors name="Frame_Hovered_B" type="2" value="0.68951613"/>
        <Theme_Colors name="Frame_Hovered_A" type="2" value="0.67843139"/>
        <Theme_Colors name="Frame_Clicked_R" type="2" value="0.30734381"/>
        <Theme_Colors name="Frame_Clicked_G" type="2" value="0.19130464"/>
        <Theme_Colors name="Frame_Clicked_B" type="2" value="0.64112902"/>
        <Theme_Colors name="Frame_Clicked_A" type="2" value="0.67000002"/>
        <Theme_Colors name="Selectable_R" type="2" value="0"/>
        <Theme_Colors name="Selectable_G" type="2" value="0.97580647"/>
        <Theme_Colors name="Selectable_B" type="2" value="1"/>
        <Theme_Colors name="Selectable_A" type="2" value="0.31"/>
        <Theme_Colors name="Selectable_Hovered_R" type="2" value="0.5863359"/>
        <Theme_Colors name="Selectable_Hovered_G" type="2" value="0.97617435"/>
        <Theme_Colors name="Selectable_Hovered_B" type="2" value="0.99596775"/>
        <Theme_Colors name="Selectable_Hovered_A" type="2" value="0.80000001"/>
        <Theme_Colors name="Selectable_Clicked_R" type="2" value="0"/>
        <Theme_Colors name="Selectable_Clicked_G" type="2" value="0.66106057"/>
        <Theme_Colors name="Selectable_Clicked_B" type="2" value="0.67741936"/>
        <Theme_Colors name="Selectable_Clicked_A" type="2" value="1"/>
        <Theme_Colors name="Notify_Background_R" type="2" value="0.081391096"/>
        <Theme_Colors name="Notify_Background_G" type="2" value="0"/>
        <Theme_Colors name="Notify_Background_B" type="2" value="0.20161289"/>
        <Theme_Colors name="Notify_Background_A" type="2" value="0.94"/>
        <Theme_Colors name="Notify_Bottom_R" type="2" value="0.046915583"/>
        <Theme_Colors name="Notify_Bottom_G" type="2" value="0.0035119629"/>
        <Theme_Colors name="Notify_Bottom_B" type="2" value="0.14516127"/>
        <Theme_Colors name="Notify_Bottom_A" type="2" value="1"/>
        <Theme_Colors name="Notify_Top_R" type="2" value="0"/>
        <Theme_Colors name="Notify_Top_G" type="2" value="0.95163274"/>
        <Theme_Colors name="Notify_Top_B" type="2" value="1"/>
        <Theme_Colors name="Notify_Top_A" type="2" value="1"/>
        <Theme_Colors name="Slider_Grab_R" type="2" value="0"/>
        <Theme_Colors name="Slider_Grab_G" type="2" value="0.95166779"/>
        <Theme_Colors name="Slider_Grab_B" type="2" value="1"/>
        <Theme_Colors name="Slider_Grab_A" type="2" value="1"/>
        <Theme_Colors name="Slider_Grab_Clicked_R" type="2" value="0.59996098"/>
        <Theme_Colors name="Slider_Grab_Clicked_G" type="2" value="0.99193549"/>
        <Theme_Colors name="Slider_Grab_Clicked_B" type="2" value="0.98245227"/>
        <Theme_Colors name="Slider_Grab_Clicked_A" type="2" value="1"/>
        <Theme_Colors name="Scrollbar_Background_R" type="2" value="0.050301075"/>
        <Theme_Colors name="Scrollbar_Background_G" type="2" value="0"/>
        <Theme_Colors name="Scrollbar_Background_B" type="2" value="0.125"/>
        <Theme_Colors name="Scrollbar_Background_A" type="2" value="0.52999997"/>
        <Theme_Colors name="Scrollbar_R" type="2" value="0"/>
        <Theme_Colors name="Scrollbar_G" type="2" value="0.9758358"/>
        <Theme_Colors name="Scrollbar_B" type="2" value="1"/>
        <Theme_Colors name="Scrollbar_A" type="2" value="0.78823531"/>
        <Theme_Colors name="Scrollbar_Hovered_R" type="2" value="0.46774191"/>
        <Theme_Colors name="Scrollbar_Hovered_G" type="2" value="1"/>
        <Theme_Colors name="Scrollbar_Hovered_B" type="2" value="1"/>
        <Theme_Colors name="Scrollbar_Hovered_A" type="2" value="1"/>
        <Theme_Colors name="Scrollbar_Clicked_R" type="2" value="0.60239989"/>
        <Theme_Colors name="Scrollbar_Clicked_G" type="2" value="0.97693485"/>
        <Theme_Colors name="Scrollbar_Clicked_B" type="2" value="0.99596775"/>
        <Theme_Colors name="Scrollbar_Clicked_A" type="2" value="1"/>
        <Theme_Fonts name="Tab_Font" type="1" value="5"/>
        <Theme_Fonts name="Child_Header_Font" type="1" value="1"/>
        <Theme_Fonts name="Text_Font" type="1" value="5"/>
        <Theme_Fonts name="Speedometer_Font" type="1" value="4"/>
        <Theme_Fonts name="Background_Font" type="1" value="4"/>
        <Theme_Fonts name="ESP_Font" type="1" value="5"/>
        <Theme_Other name="Auto_Resize" type="0" value="false"/>
        <Theme_Other name="Custom_Resize" type="0" value="false"/>
        <Theme_Other name="Custom_Resize_Scale_X" type="2" value="1"/>
        <Theme_Other name="Custom_Resize_Scale_Y" type="2" value="1"/>
        <Theme_Other name="Custom_Resize_Font_Scale" type="2" value="1"/>
        <Theme_Other name="Animated_Header" type="0" value="true"/>
        <Theme_Other name="Animated_Header_Position" type="1" value="1"/>
        <Theme_Other name="Animated_Header_Speed" type="1" value="20"/>
        <Theme_Other name="Animated_Background" type="0" value="true"/>
        <Theme_Other name="Animated_Background_Speed" type="1" value="20"/>
        <Theme_Other name="Sidebar_Fit_With_Header" type="0" value="true"/>
        <Theme_Other name="Sidebar_Top" type="0" value="true"/>
        <Theme_Other name="Sidebar_Bottom" type="0" value="false"/>
        <Theme_Other name="Sidebar_Left" type="0" value="false"/>
        <Theme_Other name="Sidebar_Right" type="0" value="false"/>
    </Options>
</Theme>
