<Theme name="Black And White">
    <Options>
        <Theme_Style name="Window_Border_Size" type="2" value="1"/>
        <Theme_Style name="Window_Rounding" type="2" value="1.6"/>
        <Theme_Style name="Child_Rounding" type="2" value="10"/>
        <Theme_Style name="Button_Border_Size" type="2" value="0"/>
        <Theme_Style name="Radio_Button_Border_Size" type="2" value="0"/>
        <Theme_Style name="Checkbox_Border_Size" type="2" value="1"/>
        <Theme_Style name="Frame_Border_Size" type="2" value="0"/>
        <Theme_Style name="Frame_Rounding" type="2" value="3.7"/>
        <Theme_Style name="Grab_Rounding" type="2" value="2.0999999"/>
        <Theme_Style name="Tab_Rounding" type="2" value="4"/>
        <Theme_Style name="Popup_Rounding" type="2" value="10"/>
        <Theme_Colors name="Sidebar_Left_Top_R" type="2" value="9.9998999e-07"/>
        <Theme_Colors name="Sidebar_Left_Top_G" type="2" value="9.9998999e-07"/>
        <Theme_Colors name="Sidebar_Left_Top_B" type="2" value="1e-06"/>
        <Theme_Colors name="Sidebar_Left_Top_A" type="2" value="1"/>
        <Theme_Colors name="Sidebar_Right_Top_R" type="2" value="9.9999556e-07"/>
        <Theme_Colors name="Sidebar_Right_Top_G" type="2" value="9.9998999e-07"/>
        <Theme_Colors name="Sidebar_Right_Top_B" type="2" value="1e-06"/>
        <Theme_Colors name="Sidebar_Right_Top_A" type="2" value="1"/>
        <Theme_Colors name="Sidebar_Left_Bottom_R" type="2" value="9.9998999e-07"/>
        <Theme_Colors name="Sidebar_Left_Bottom_G" type="2" value="9.9998999e-07"/>
        <Theme_Colors name="Sidebar_Left_Bottom_B" type="2" value="1e-06"/>
        <Theme_Colors name="Sidebar_Left_Bottom_A" type="2" value="1"/>
        <Theme_Colors name="Sidebar_Right_Bottom_R" type="2" value="9.9999545e-07"/>
        <Theme_Colors name="Sidebar_Right_Bottom_G" type="2" value="9.9998999e-07"/>
        <Theme_Colors name="Sidebar_Right_Bottom_B" type="2" value="1e-06"/>
        <Theme_Colors name="Sidebar_Right_Bottom_A" type="2" value="1"/>
        <Theme_Colors name="Text_R" type="2" value="1"/>
        <Theme_Colors name="Text_G" type="2" value="0.99998999"/>
        <Theme_Colors name="Text_B" type="2" value="0.99998999"/>
        <Theme_Colors name="Text_A" type="2" value="1"/>
        <Theme_Colors name="Border_R" type="2" value="0.99999177"/>
        <Theme_Colors name="Border_G" type="2" value="0.99998999"/>
        <Theme_Colors name="Border_B" type="2" value="1"/>
        <Theme_Colors name="Border_A" type="2" value="0.80000007"/>
        <Theme_Colors name="Child_Border_R" type="2" value="0.99999177"/>
        <Theme_Colors name="Child_Border_G" type="2" value="0.99998999"/>
        <Theme_Colors name="Child_Border_B" type="2" value="1"/>
        <Theme_Colors name="Child_Border_A" type="2" value="0.80000007"/>
        <Theme_Colors name="Tab_Border_R" type="2" value="0.99999136"/>
        <Theme_Colors name="Tab_Border_G" type="2" value="0.99998999"/>
        <Theme_Colors name="Tab_Border_B" type="2" value="1"/>
        <Theme_Colors name="Tab_Border_A" type="2" value="0.80000007"/>
        <Theme_Colors name="Tab_Button_R" type="2" value="0.1079042"/>
        <Theme_Colors name="Tab_Button_G" type="2" value="0.10790312"/>
        <Theme_Colors name="Tab_Button_B" type="2" value="0.10790312"/>
        <Theme_Colors name="Tab_Button_A" type="2" value="1"/>
        <Theme_Colors name="Background_R" type="2" value="0.12598671"/>
        <Theme_Colors name="Background_G" type="2" value="0.12598591"/>
        <Theme_Colors name="Background_B" type="2" value="0.12598717"/>
        <Theme_Colors name="Background_A" type="2" value="0.97647059"/>
        <Theme_Colors name="Child_Background_R" type="2" value="1e-06"/>
        <Theme_Colors name="Child_Background_G" type="2" value="9.9998999e-07"/>
        <Theme_Colors name="Child_Background_B" type="2" value="9.9998999e-07"/>
        <Theme_Colors name="Child_Background_A" type="2" value="0"/>
        <Theme_Colors name="Checkmark_R" type="2" value="0.91560686"/>
        <Theme_Colors name="Checkmark_G" type="2" value="0.9156034"/>
        <Theme_Colors name="Checkmark_B" type="2" value="0.91561258"/>
        <Theme_Colors name="Checkmark_A" type="2" value="1"/>
        <Theme_Colors name="Button_R" type="2" value="0.59011477"/>
        <Theme_Colors name="Button_G" type="2" value="0.59011227"/>
        <Theme_Colors name="Button_B" type="2" value="0.59011817"/>
        <Theme_Colors name="Button_A" type="2" value="0.40000001"/>
        <Theme_Colors name="Button_Hovered_R" type="2" value="0.06571006"/>
        <Theme_Colors name="Button_Hovered_G" type="2" value="0.06570977"/>
        <Theme_Colors name="Button_Hovered_B" type="2" value="0.065710425"/>
        <Theme_Colors name="Button_Hovered_A" type="2" value="1"/>
        <Theme_Colors name="Button_Clicked_R" type="2" value="0.99999207"/>
        <Theme_Colors name="Button_Clicked_G" type="2" value="0.99998999"/>
        <Theme_Colors name="Button_Clicked_B" type="2" value="1"/>
        <Theme_Colors name="Button_Clicked_A" type="2" value="1"/>
        <Theme_Colors name="Frame_R" type="2" value="0.39971831"/>
        <Theme_Colors name="Frame_G" type="2" value="0.39596805"/>
        <Theme_Colors name="Frame_B" type="2" value="0.40326023"/>
        <Theme_Colors name="Frame_A" type="2" value="0.40000001"/>
        <Theme_Colors name="Frame_Hovered_R" type="2" value="0.19229025"/>
        <Theme_Colors name="Frame_Hovered_G" type="2" value="0.1922897"/>
        <Theme_Colors name="Frame_Hovered_B" type="2" value="0.19229162"/>
        <Theme_Colors name="Frame_Hovered_A" type="2" value="0.67843139"/>
        <Theme_Colors name="Frame_Clicked_R" type="2" value="0.99999523"/>
        <Theme_Colors name="Frame_Clicked_G" type="2" value="0.99998999"/>
        <Theme_Colors name="Frame_Clicked_B" type="2" value="1"/>
        <Theme_Colors name="Frame_Clicked_A" type="2" value="0.67000002"/>
        <Theme_Colors name="Selectable_R" type="2" value="0.9999938"/>
        <Theme_Colors name="Selectable_G" type="2" value="0.99998999"/>
        <Theme_Colors name="Selectable_B" type="2" value="1"/>
        <Theme_Colors name="Selectable_A" type="2" value="0.31"/>
        <Theme_Colors name="Selectable_Hovered_R" type="2" value="0.1199589"/>
        <Theme_Colors name="Selectable_Hovered_G" type="2" value="0.11995833"/>
        <Theme_Colors name="Selectable_Hovered_B" type="2" value="0.11995953"/>
        <Theme_Colors name="Selectable_Hovered_A" type="2" value="0.80000001"/>
        <Theme_Colors name="Selectable_Clicked_R" type="2" value="0.99999309"/>
        <Theme_Colors name="Selectable_Clicked_G" type="2" value="0.99998999"/>
        <Theme_Colors name="Selectable_Clicked_B" type="2" value="1"/>
        <Theme_Colors name="Selectable_Clicked_A" type="2" value="1"/>
        <Theme_Colors name="Notify_Background_R" type="2" value="0.059999999"/>
        <Theme_Colors name="Notify_Background_G" type="2" value="0.059999999"/>
        <Theme_Colors name="Notify_Background_B" type="2" value="0.059999999"/>
        <Theme_Colors name="Notify_Background_A" type="2" value="0.94"/>
        <Theme_Colors name="Notify_Bottom_R" type="2" value="0.071737409"/>
        <Theme_Colors name="Notify_Bottom_G" type="2" value="0.071737409"/>
        <Theme_Colors name="Notify_Bottom_B" type="2" value="0.071738124"/>
        <Theme_Colors name="Notify_Bottom_A" type="2" value="1"/>
        <Theme_Colors name="Notify_Top_R" type="2" value="0.72875148"/>
        <Theme_Colors name="Notify_Top_G" type="2" value="0.72874737"/>
        <Theme_Colors name="Notify_Top_B" type="2" value="0.72875464"/>
        <Theme_Colors name="Notify_Top_A" type="2" value="1"/>
        <Theme_Colors name="Slider_Grab_R" type="2" value="0.54792082"/>
        <Theme_Colors name="Slider_Grab_G" type="2" value="0.54791892"/>
        <Theme_Colors name="Slider_Grab_B" type="2" value="0.5479244"/>
        <Theme_Colors name="Slider_Grab_A" type="2" value="1"/>
        <Theme_Colors name="Slider_Grab_Clicked_R" type="2" value="0.99999082"/>
        <Theme_Colors name="Slider_Grab_Clicked_G" type="2" value="0.99998999"/>
        <Theme_Colors name="Slider_Grab_Clicked_B" type="2" value="1"/>
        <Theme_Colors name="Slider_Grab_Clicked_A" type="2" value="1"/>
        <Theme_Colors name="Scrollbar_Background_R" type="2" value="0.02"/>
        <Theme_Colors name="Scrollbar_Background_G" type="2" value="0.02"/>
        <Theme_Colors name="Scrollbar_Background_B" type="2" value="0.02"/>
        <Theme_Colors name="Scrollbar_Background_A" type="2" value="0.52999997"/>
        <Theme_Colors name="Scrollbar_R" type="2" value="0.99999511"/>
        <Theme_Colors name="Scrollbar_G" type="2" value="0.99998999"/>
        <Theme_Colors name="Scrollbar_B" type="2" value="1"/>
        <Theme_Colors name="Scrollbar_A" type="2" value="0.78823531"/>
        <Theme_Colors name="Scrollbar_Hovered_R" type="2" value="0.4635345"/>
        <Theme_Colors name="Scrollbar_Hovered_G" type="2" value="0.46353233"/>
        <Theme_Colors name="Scrollbar_Hovered_B" type="2" value="0.46353698"/>
        <Theme_Colors name="Scrollbar_Hovered_A" type="2" value="1"/>
        <Theme_Colors name="Scrollbar_Clicked_R" type="2" value="0.9999938"/>
        <Theme_Colors name="Scrollbar_Clicked_G" type="2" value="0.99998999"/>
        <Theme_Colors name="Scrollbar_Clicked_B" type="2" value="1"/>
        <Theme_Colors name="Scrollbar_Clicked_A" type="2" value="1"/>
        <Theme_Fonts name="Tab_Font" type="1" value="5"/>
        <Theme_Fonts name="Child_Header_Font" type="1" value="1"/>
        <Theme_Fonts name="Text_Font" type="1" value="7"/>
        <Theme_Fonts name="Notification_Font" type="1" value="6"/>
        <Theme_Fonts name="Speedometer_Font" type="1" value="4"/>
        <Theme_Fonts name="Background_Font" type="1" value="1"/>
        <Theme_Fonts name="ESP_Font" type="1" value="6"/>
        <Theme_Fonts name="Tab_Font_Size" type="2" value="19"/>
        <Theme_Fonts name="Child_Header_Font_Size" type="2" value="18"/>
        <Theme_Fonts name="Text_Font_Size" type="2" value="17"/>
        <Theme_Fonts name="Notification_Font_Size" type="2" value="17"/>
        <Theme_Fonts name="Speedo_Font_Size" type="2" value="17"/>
        <Theme_Fonts name="Background_Font_Size" type="2" value="17"/>
        <Theme_Fonts name="ESP_Font_Size" type="2" value="17"/>
        <Theme_Other name="Auto_Resize" type="0" value="true"/>
        <Theme_Other name="Custom_Resize" type="0" value="false"/>
        <Theme_Other name="Custom_Resize_Scale_X" type="2" value="1"/>
        <Theme_Other name="Custom_Resize_Scale_Y" type="2" value="1"/>
        <Theme_Other name="Custom_Resize_Font_Scale" type="2" value="1"/>
        <Theme_Other name="Animated_Header" type="0" value="false"/>
        <Theme_Other name="Animated_Header_Position" type="1" value="0"/>
        <Theme_Other name="Animated_Header_Speed" type="1" value="20"/>
        <Theme_Other name="Animated_Background" type="0" value="true"/>
        <Theme_Other name="Animated_Background_Speed" type="1" value="20"/>
        <Theme_Other name="Sidebar_Fit_With_Header" type="0" value="true"/>
        <Theme_Other name="Sidebar_Top" type="0" value="true"/>
        <Theme_Other name="Sidebar_Bottom" type="0" value="false"/>
        <Theme_Other name="Sidebar_Left" type="0" value="false"/>
        <Theme_Other name="Sidebar_Right" type="0" value="false"/>
    </Options>
</Theme>
