<Theme name="From Russia with Putin">
    <Options>
        <Theme_Style name="Window_Border_Size" type="2" value="1"/>
        <Theme_Style name="Window_Rounding" type="2" value="0"/>
        <Theme_Style name="Child_Rounding" type="2" value="10"/>
        <Theme_Style name="Frame_Border_Size" type="2" value="0"/>
        <Theme_Style name="Frame_Rounding" type="2" value="3.7"/>
        <Theme_Style name="Grab_Rounding" type="2" value="2.0999999"/>
        <Theme_Style name="Tab_Rounding" type="2" value="4"/>
        <Theme_Style name="Popup_Rounding" type="2" value="10"/>
        <Theme_Colors name="Sidebar_Left_Top_R" type="2" value="0.99998999"/>
        <Theme_Colors name="Sidebar_Left_Top_G" type="2" value="0.99998999"/>
        <Theme_Colors name="Sidebar_Left_Top_B" type="2" value="1"/>
        <Theme_Colors name="Sidebar_Left_Top_A" type="2" value="1"/>
        <Theme_Colors name="Sidebar_Right_Top_R" type="2" value="0"/>
        <Theme_Colors name="Sidebar_Right_Top_G" type="2" value="0.031372551"/>
        <Theme_Colors name="Sidebar_Right_Top_B" type="2" value="1"/>
        <Theme_Colors name="Sidebar_Right_Top_A" type="2" value="1"/>
        <Theme_Colors name="Sidebar_Left_Bottom_R" type="2" value="0"/>
        <Theme_Colors name="Sidebar_Left_Bottom_G" type="2" value="8.5830688e-06"/>
        <Theme_Colors name="Sidebar_Left_Bottom_B" type="2" value="1"/>
        <Theme_Colors name="Sidebar_Left_Bottom_A" type="2" value="1"/>
        <Theme_Colors name="Sidebar_Right_Bottom_R" type="2" value="1"/>
        <Theme_Colors name="Sidebar_Right_Bottom_G" type="2" value="0"/>
        <Theme_Colors name="Sidebar_Right_Bottom_B" type="2" value="6.0081482e-05"/>
        <Theme_Colors name="Sidebar_Right_Bottom_A" type="2" value="0.80392158"/>
        <Theme_Colors name="Text_R" type="2" value="1"/>
        <Theme_Colors name="Text_G" type="2" value="1"/>
        <Theme_Colors name="Text_B" type="2" value="1"/>
        <Theme_Colors name="Text_A" type="2" value="1"/>
        <Theme_Colors name="Border_R" type="2" value="0"/>
        <Theme_Colors name="Border_G" type="2" value="0.031742092"/>
        <Theme_Colors name="Border_B" type="2" value="0.99596775"/>
        <Theme_Colors name="Border_A" type="2" value="0.80000007"/>
        <Theme_Colors name="Child_Border_R" type="2" value="0.12497997"/>
        <Theme_Colors name="Child_Border_G" type="2" value="0"/>
        <Theme_Colors name="Child_Border_B" type="2" value="1"/>
        <Theme_Colors name="Child_Border_A" type="2" value="0.80000007"/>
        <Theme_Colors name="Tab_Border_R" type="2" value="0.34901962"/>
        <Theme_Colors name="Tab_Border_G" type="2" value="0.25882354"/>
        <Theme_Colors name="Tab_Border_B" type="2" value="0.98039222"/>
        <Theme_Colors name="Tab_Border_A" type="2" value="0.80000007"/>
        <Theme_Colors name="Tab_Button_R" type="2" value="0.58823532"/>
        <Theme_Colors name="Tab_Button_G" type="2" value="0.58823532"/>
        <Theme_Colors name="Tab_Button_B" type="2" value="0.58823532"/>
        <Theme_Colors name="Tab_Button_A" type="2" value="0.43137255"/>
        <Theme_Colors name="Background_R" type="2" value="0"/>
        <Theme_Colors name="Background_G" type="2" value="0.031372551"/>
        <Theme_Colors name="Background_B" type="2" value="0.1882353"/>
        <Theme_Colors name="Background_A" type="2" value="0.97254902"/>
        <Theme_Colors name="Child_Background_R" type="2" value="0"/>
        <Theme_Colors name="Child_Background_G" type="2" value="0"/>
        <Theme_Colors name="Child_Background_B" type="2" value="0"/>
        <Theme_Colors name="Child_Background_A" type="2" value="0"/>
        <Theme_Colors name="Checkmark_R" type="2" value="0.99999243"/>
        <Theme_Colors name="Checkmark_G" type="2" value="0.99998999"/>
        <Theme_Colors name="Checkmark_B" type="2" value="1"/>
        <Theme_Colors name="Checkmark_A" type="2" value="1"/>
        <Theme_Colors name="Button_R" type="2" value="0"/>
        <Theme_Colors name="Button_G" type="2" value="0.10717916"/>
        <Theme_Colors name="Button_B" type="2" value="1"/>
        <Theme_Colors name="Button_A" type="2" value="0.40000001"/>
        <Theme_Colors name="Button_Hovered_R" type="2" value="0.11372549"/>
        <Theme_Colors name="Button_Hovered_G" type="2" value="0.027450981"/>
        <Theme_Colors name="Button_Hovered_B" type="2" value="1"/>
        <Theme_Colors name="Button_Hovered_A" type="2" value="0.73725492"/>
        <Theme_Colors name="Button_Clicked_R" type="2" value="0.22240186"/>
        <Theme_Colors name="Button_Clicked_G" type="2" value="0.016129017"/>
        <Theme_Colors name="Button_Clicked_B" type="2" value="1"/>
        <Theme_Colors name="Button_Clicked_A" type="2" value="1"/>
        <Theme_Colors name="Frame_R" type="2" value="0"/>
        <Theme_Colors name="Frame_G" type="2" value="0.17741942"/>
        <Theme_Colors name="Frame_B" type="2" value="1"/>
        <Theme_Colors name="Frame_A" type="2" value="0.25882354"/>
        <Theme_Colors name="Frame_Hovered_R" type="2" value="0"/>
        <Theme_Colors name="Frame_Hovered_G" type="2" value="0.10588235"/>
        <Theme_Colors name="Frame_Hovered_B" type="2" value="1"/>
        <Theme_Colors name="Frame_Hovered_A" type="2" value="0.42352942"/>
        <Theme_Colors name="Frame_Clicked_R" type="2" value="0"/>
        <Theme_Colors name="Frame_Clicked_G" type="2" value="0.056417722"/>
        <Theme_Colors name="Frame_Clicked_B" type="2" value="0.89112902"/>
        <Theme_Colors name="Frame_Clicked_A" type="2" value="0.67000002"/>
        <Theme_Colors name="Selectable_R" type="2" value="0.27247131"/>
        <Theme_Colors name="Selectable_G" type="2" value="0.24193549"/>
        <Theme_Colors name="Selectable_B" type="2" value="1"/>
        <Theme_Colors name="Selectable_A" type="2" value="0.31"/>
        <Theme_Colors name="Selectable_Hovered_R" type="2" value="0.31048387"/>
        <Theme_Colors name="Selectable_Hovered_G" type="2" value="0.31613421"/>
        <Theme_Colors name="Selectable_Hovered_B" type="2" value="1"/>
        <Theme_Colors name="Selectable_Hovered_A" type="2" value="0.60000002"/>
        <Theme_Colors name="Selectable_Clicked_R" type="2" value="0"/>
        <Theme_Colors name="Selectable_Clicked_G" type="2" value="0.035340786"/>
        <Theme_Colors name="Selectable_Clicked_B" type="2" value="1"/>
        <Theme_Colors name="Selectable_Clicked_A" type="2" value="0.63137257"/>
        <Theme_Colors name="Notify_Background_R" type="2" value="0.059999999"/>
        <Theme_Colors name="Notify_Background_G" type="2" value="0.059999999"/>
        <Theme_Colors name="Notify_Background_B" type="2" value="0.059999999"/>
        <Theme_Colors name="Notify_Background_A" type="2" value="0.94"/>
        <Theme_Colors name="Notify_Bottom_R" type="2" value="0.082352944"/>
        <Theme_Colors name="Notify_Bottom_G" type="2" value="0.082352944"/>
        <Theme_Colors name="Notify_Bottom_B" type="2" value="0.43921572"/>
        <Theme_Colors name="Notify_Bottom_A" type="2" value="1"/>
        <Theme_Colors name="Notify_Top_R" type="2" value="0.5411765"/>
        <Theme_Colors name="Notify_Top_G" type="2" value="0.13725491"/>
        <Theme_Colors name="Notify_Top_B" type="2" value="0.88627458"/>
        <Theme_Colors name="Notify_Top_A" type="2" value="1"/>
        <Theme_Colors name="Slider_Grab_R" type="2" value="1"/>
        <Theme_Colors name="Slider_Grab_G" type="2" value="0.13333334"/>
        <Theme_Colors name="Slider_Grab_B" type="2" value="0.13333334"/>
        <Theme_Colors name="Slider_Grab_A" type="2" value="0.81176472"/>
        <Theme_Colors name="Slider_Grab_Clicked_R" type="2" value="0.30645159"/>
        <Theme_Colors name="Slider_Grab_Clicked_G" type="2" value="0.25999999"/>
        <Theme_Colors name="Slider_Grab_Clicked_B" type="2" value="0.98000002"/>
        <Theme_Colors name="Slider_Grab_Clicked_A" type="2" value="1"/>
        <Theme_Colors name="Scrollbar_Background_R" type="2" value="0.019607844"/>
        <Theme_Colors name="Scrollbar_Background_G" type="2" value="0.019607844"/>
        <Theme_Colors name="Scrollbar_Background_B" type="2" value="0.019607844"/>
        <Theme_Colors name="Scrollbar_Background_A" type="2" value="0"/>
        <Theme_Colors name="Scrollbar_R" type="2" value="1"/>
        <Theme_Colors name="Scrollbar_G" type="2" value="0"/>
        <Theme_Colors name="Scrollbar_B" type="2" value="0"/>
        <Theme_Colors name="Scrollbar_A" type="2" value="0.78823531"/>
        <Theme_Colors name="Scrollbar_Hovered_R" type="2" value="1"/>
        <Theme_Colors name="Scrollbar_Hovered_G" type="2" value="0.45490196"/>
        <Theme_Colors name="Scrollbar_Hovered_B" type="2" value="0.45490196"/>
        <Theme_Colors name="Scrollbar_Hovered_A" type="2" value="0.80784315"/>
        <Theme_Colors name="Scrollbar_Clicked_R" type="2" value="0.91934681"/>
        <Theme_Colors name="Scrollbar_Clicked_G" type="2" value="0.91934568"/>
        <Theme_Colors name="Scrollbar_Clicked_B" type="2" value="0.91935486"/>
        <Theme_Colors name="Scrollbar_Clicked_A" type="2" value="1"/>
        <Theme_Fonts name="Tab_Font" type="1" value="5"/>
        <Theme_Fonts name="Child_Header_Font" type="1" value="1"/>
        <Theme_Fonts name="Text_Font" type="1" value="6"/>
        <Theme_Fonts name="Speedometer_Font" type="1" value="4"/>
        <Theme_Fonts name="Background_Font" type="1" value="1"/>
        <Theme_Fonts name="ESP_Font" type="1" value="6"/>
        <Theme_Other name="Auto_Resize" type="0" value="false"/>
        <Theme_Other name="Custom_Resize" type="0" value="false"/>
        <Theme_Other name="Custom_Resize_Scale_X" type="2" value="1"/>
        <Theme_Other name="Custom_Resize_Scale_Y" type="2" value="1"/>
        <Theme_Other name="Custom_Resize_Font_Scale" type="2" value="1"/>
        <Theme_Other name="Animated_Header" type="0" value="true"/>
        <Theme_Other name="Animated_Header_Position" type="1" value="0"/>
        <Theme_Other name="Animated_Header_Speed" type="1" value="20"/>
        <Theme_Other name="Animated_Background" type="0" value="true"/>
        <Theme_Other name="Animated_Background_Speed" type="1" value="20"/>
        <Theme_Other name="Sidebar_Fit_With_Header" type="0" value="true"/>
        <Theme_Other name="Sidebar_Top" type="0" value="true"/>
        <Theme_Other name="Sidebar_Bottom" type="0" value="true"/>
        <Theme_Other name="Sidebar_Left" type="0" value="false"/>
        <Theme_Other name="Sidebar_Right" type="0" value="false"/>
    </Options>
</Theme>
