<Theme name="Minimal">
    <Options>
        <Theme_Style name="Window_Border_Size" type="2" value="1"/>
        <Theme_Style name="Window_Rounding" type="2" value="0"/>
        <Theme_Style name="Child_Rounding" type="2" value="10"/>
        <Theme_Style name="Button_Border_Size" type="2" value="0"/>
        <Theme_Style name="Radio_Button_Border_Size" type="2" value="0"/>
        <Theme_Style name="Checkbox_Border_Size" type="2" value="0"/>
        <Theme_Style name="Frame_Border_Size" type="2" value="0"/>
        <Theme_Style name="Frame_Rounding" type="2" value="3.7"/>
        <Theme_Style name="Grab_Rounding" type="2" value="2.0999999"/>
        <Theme_Style name="Tab_Rounding" type="2" value="4"/>
        <Theme_Style name="Popup_Rounding" type="2" value="10"/>
        <Theme_Colors name="Sidebar_Left_Top_R" type="2" value="0"/>
        <Theme_Colors name="Sidebar_Left_Top_G" type="2" value="1.001358e-11"/>
        <Theme_Colors name="Sidebar_Left_Top_B" type="2" value="1e-06"/>
        <Theme_Colors name="Sidebar_Left_Top_A" type="2" value="1"/>
        <Theme_Colors name="Sidebar_Right_Top_R" type="2" value="5.4165218e-07"/>
        <Theme_Colors name="Sidebar_Right_Top_G" type="2" value="0"/>
        <Theme_Colors name="Sidebar_Right_Top_B" type="2" value="1e-06"/>
        <Theme_Colors name="Sidebar_Right_Top_A" type="2" value="1"/>
        <Theme_Colors name="Sidebar_Left_Bottom_R" type="2" value="0.99998999"/>
        <Theme_Colors name="Sidebar_Left_Bottom_G" type="2" value="0.99998999"/>
        <Theme_Colors name="Sidebar_Left_Bottom_B" type="2" value="1"/>
        <Theme_Colors name="Sidebar_Left_Bottom_A" type="2" value="1"/>
        <Theme_Colors name="Sidebar_Right_Bottom_R" type="2" value="0.99999541"/>
        <Theme_Colors name="Sidebar_Right_Bottom_G" type="2" value="0.99998999"/>
        <Theme_Colors name="Sidebar_Right_Bottom_B" type="2" value="1"/>
        <Theme_Colors name="Sidebar_Right_Bottom_A" type="2" value="1"/>
        <Theme_Colors name="Text_R" type="2" value="1"/>
        <Theme_Colors name="Text_G" type="2" value="1"/>
        <Theme_Colors name="Text_B" type="2" value="1"/>
        <Theme_Colors name="Text_A" type="2" value="1"/>
        <Theme_Colors name="Border_R" type="2" value="1.3185834e-07"/>
        <Theme_Colors name="Border_G" type="2" value="0"/>
        <Theme_Colors name="Border_B" type="2" value="1e-06"/>
        <Theme_Colors name="Border_A" type="2" value="0.80000007"/>
        <Theme_Colors name="Child_Border_R" type="2" value="0.50871778"/>
        <Theme_Colors name="Child_Border_G" type="2" value="0.50871664"/>
        <Theme_Colors name="Child_Border_B" type="2" value="0.50872171"/>
        <Theme_Colors name="Child_Border_A" type="2" value="0.80000007"/>
        <Theme_Colors name="Tab_Border_R" type="2" value="0.99999148"/>
        <Theme_Colors name="Tab_Border_G" type="2" value="0.99998999"/>
        <Theme_Colors name="Tab_Border_B" type="2" value="1"/>
        <Theme_Colors name="Tab_Border_A" type="2" value="0.80000007"/>
        <Theme_Colors name="Tab_Button_R" type="2" value="1e-06"/>
        <Theme_Colors name="Tab_Button_G" type="2" value="9.9998999e-07"/>
        <Theme_Colors name="Tab_Button_B" type="2" value="9.9998999e-07"/>
        <Theme_Colors name="Tab_Button_A" type="2" value="1"/>
        <Theme_Colors name="Background_R" type="2" value="0"/>
        <Theme_Colors name="Background_G" type="2" value="0.052850902"/>
        <Theme_Colors name="Background_B" type="2" value="0.0038297747"/>
        <Theme_Colors name="Background_A" type="2" value="0.58823532"/>
        <Theme_Colors name="Child_Background_R" type="2" value="1e-06"/>
        <Theme_Colors name="Child_Background_G" type="2" value="0"/>
        <Theme_Colors name="Child_Background_B" type="2" value="0"/>
        <Theme_Colors name="Child_Background_A" type="2" value="0"/>
        <Theme_Colors name="Checkmark_R" type="2" value="0"/>
        <Theme_Colors name="Checkmark_G" type="2" value="1"/>
        <Theme_Colors name="Checkmark_B" type="2" value="0.12499976"/>
        <Theme_Colors name="Checkmark_A" type="2" value="1"/>
        <Theme_Colors name="Button_R" type="2" value="9.9998999e-07"/>
        <Theme_Colors name="Button_G" type="2" value="1e-06"/>
        <Theme_Colors name="Button_B" type="2" value="9.9999102e-07"/>
        <Theme_Colors name="Button_A" type="2" value="0.40000001"/>
        <Theme_Colors name="Button_Hovered_R" type="2" value="0.031930931"/>
        <Theme_Colors name="Button_Hovered_G" type="2" value="0.25995094"/>
        <Theme_Colors name="Button_Hovered_B" type="2" value="0.2687881"/>
        <Theme_Colors name="Button_Hovered_A" type="2" value="1"/>
        <Theme_Colors name="Button_Clicked_R" type="2" value="1.1410868e-07"/>
        <Theme_Colors name="Button_Clicked_G" type="2" value="9.6693861e-07"/>
        <Theme_Colors name="Button_Clicked_B" type="2" value="1e-06"/>
        <Theme_Colors name="Button_Clicked_A" type="2" value="1"/>
        <Theme_Colors name="Frame_R" type="2" value="9.9998999e-07"/>
        <Theme_Colors name="Frame_G" type="2" value="1e-06"/>
        <Theme_Colors name="Frame_B" type="2" value="9.9999454e-07"/>
        <Theme_Colors name="Frame_A" type="2" value="0.40000001"/>
        <Theme_Colors name="Frame_Hovered_R" type="2" value="9.9998999e-07"/>
        <Theme_Colors name="Frame_Hovered_G" type="2" value="1e-06"/>
        <Theme_Colors name="Frame_Hovered_B" type="2" value="9.9999158e-07"/>
        <Theme_Colors name="Frame_Hovered_A" type="2" value="0.67843139"/>
        <Theme_Colors name="Frame_Clicked_R" type="2" value="8.3594608e-07"/>
        <Theme_Colors name="Frame_Clicked_G" type="2" value="1e-06"/>
        <Theme_Colors name="Frame_Clicked_B" type="2" value="9.8305691e-07"/>
        <Theme_Colors name="Frame_Clicked_A" type="2" value="0.67000002"/>
        <Theme_Colors name="Selectable_R" type="2" value="0.75626272"/>
        <Theme_Colors name="Selectable_G" type="2" value="1"/>
        <Theme_Colors name="Selectable_B" type="2" value="0.98168248"/>
        <Theme_Colors name="Selectable_A" type="2" value="0.31"/>
        <Theme_Colors name="Selectable_Hovered_R" type="2" value="9.1562936e-07"/>
        <Theme_Colors name="Selectable_Hovered_G" type="2" value="1e-06"/>
        <Theme_Colors name="Selectable_Hovered_B" type="2" value="9.8608314e-07"/>
        <Theme_Colors name="Selectable_Hovered_A" type="2" value="0.80000001"/>
        <Theme_Colors name="Selectable_Clicked_R" type="2" value="0.0058586914"/>
        <Theme_Colors name="Selectable_Clicked_G" type="2" value="0.0062603047"/>
        <Theme_Colors name="Selectable_Clicked_B" type="2" value="0.0063017607"/>
        <Theme_Colors name="Selectable_Clicked_A" type="2" value="1"/>
        <Theme_Colors name="Notify_Background_R" type="2" value="0.059999999"/>
        <Theme_Colors name="Notify_Background_G" type="2" value="0.059999999"/>
        <Theme_Colors name="Notify_Background_B" type="2" value="0.059999999"/>
        <Theme_Colors name="Notify_Background_A" type="2" value="0.94"/>
        <Theme_Colors name="Notify_Bottom_R" type="2" value="9.9998999e-07"/>
        <Theme_Colors name="Notify_Bottom_G" type="2" value="1e-06"/>
        <Theme_Colors name="Notify_Bottom_B" type="2" value="9.9999249e-07"/>
        <Theme_Colors name="Notify_Bottom_A" type="2" value="1"/>
        <Theme_Colors name="Notify_Top_R" type="2" value="9.953128e-07"/>
        <Theme_Colors name="Notify_Top_G" type="2" value="1e-06"/>
        <Theme_Colors name="Notify_Top_B" type="2" value="9.9589602e-07"/>
        <Theme_Colors name="Notify_Top_A" type="2" value="1"/>
        <Theme_Colors name="Slider_Grab_R" type="2" value="7.3751369e-07"/>
        <Theme_Colors name="Slider_Grab_G" type="2" value="1e-06"/>
        <Theme_Colors name="Slider_Grab_B" type="2" value="7.7122786e-07"/>
        <Theme_Colors name="Slider_Grab_A" type="2" value="1"/>
        <Theme_Colors name="Slider_Grab_Clicked_R" type="2" value="7.3282644e-07"/>
        <Theme_Colors name="Slider_Grab_Clicked_G" type="2" value="1e-06"/>
        <Theme_Colors name="Slider_Grab_Clicked_B" type="2" value="7.6550339e-07"/>
        <Theme_Colors name="Slider_Grab_Clicked_A" type="2" value="1"/>
        <Theme_Colors name="Scrollbar_Background_R" type="2" value="0"/>
        <Theme_Colors name="Scrollbar_Background_G" type="2" value="0"/>
        <Theme_Colors name="Scrollbar_Background_B" type="2" value="0"/>
        <Theme_Colors name="Scrollbar_Background_A" type="2" value="0"/>
        <Theme_Colors name="Scrollbar_R" type="2" value="9.9999079e-07"/>
        <Theme_Colors name="Scrollbar_G" type="2" value="1e-06"/>
        <Theme_Colors name="Scrollbar_B" type="2" value="9.9998999e-07"/>
        <Theme_Colors name="Scrollbar_A" type="2" value="0.78823531"/>
        <Theme_Colors name="Scrollbar_Hovered_R" type="2" value="5.5002346e-07"/>
        <Theme_Colors name="Scrollbar_Hovered_G" type="2" value="1e-06"/>
        <Theme_Colors name="Scrollbar_Hovered_B" type="2" value="9.6618305e-07"/>
        <Theme_Colors name="Scrollbar_Hovered_A" type="2" value="1"/>
        <Theme_Colors name="Scrollbar_Clicked_R" type="2" value="0"/>
        <Theme_Colors name="Scrollbar_Clicked_G" type="2" value="1e-06"/>
        <Theme_Colors name="Scrollbar_Clicked_B" type="2" value="1.5747881e-07"/>
        <Theme_Colors name="Scrollbar_Clicked_A" type="2" value="1"/>
        <Theme_Fonts name="Tab_Font" type="1" value="0"/>
        <Theme_Fonts name="Child_Header_Font" type="1" value="1"/>
        <Theme_Fonts name="Text_Font" type="1" value="0"/>
        <Theme_Fonts name="Notification_Font" type="1" value="0"/>
        <Theme_Fonts name="Speedometer_Font" type="1" value="6"/>
        <Theme_Fonts name="Background_Font" type="1" value="0"/>
        <Theme_Fonts name="ESP_Font" type="1" value="0"/>
        <Theme_Fonts name="Tab_Font_Size" type="2" value="17.000008"/>
        <Theme_Fonts name="Child_Header_Font_Size" type="2" value="22.200016"/>
        <Theme_Fonts name="Text_Font_Size" type="2" value="15.999996"/>
        <Theme_Fonts name="Notification_Font_Size" type="2" value="18.000004"/>
        <Theme_Fonts name="Speedo_Font_Size" type="2" value="14.999992"/>
        <Theme_Fonts name="Background_Font_Size" type="2" value="21.000015"/>
        <Theme_Fonts name="ESP_Font_Size" type="2" value="20.000011"/>
        <Theme_Other name="Auto_Resize" type="0" value="false"/>
        <Theme_Other name="Custom_Resize" type="0" value="true"/>
        <Theme_Other name="Custom_Resize_Scale_X" type="2" value="0.88000154"/>
        <Theme_Other name="Custom_Resize_Scale_Y" type="2" value="0.88000154"/>
        <Theme_Other name="Custom_Resize_Font_Scale" type="2" value="0.94400072"/>
        <Theme_Other name="Animated_Header" type="0" value="false"/>
        <Theme_Other name="Animated_Header_Position" type="1" value="0"/>
        <Theme_Other name="Animated_Header_Speed" type="1" value="50"/>
        <Theme_Other name="Animated_Background" type="0" value="true"/>
        <Theme_Other name="Animated_Background_Speed" type="1" value="50"/>
        <Theme_Other name="Sidebar_Fit_With_Header" type="0" value="false"/>
        <Theme_Other name="Sidebar_Top" type="0" value="false"/>
        <Theme_Other name="Sidebar_Bottom" type="0" value="false"/>
        <Theme_Other name="Sidebar_Left" type="0" value="false"/>
        <Theme_Other name="Sidebar_Right" type="0" value="false"/>
    </Options>
</Theme>
