{
    "Footer": {
        "Arrows Size": 0.032999999821186066,
        "Background Color": {
            "A": 255,
            "B": 0,
            "G": 0,
            "R": 0
        },
        "Draw": true,
        "Draw Arrows": true,
        "Draw Background Texture": false,
        "Height": 0.03500000014901161,
        "Use Arrows From Theme": false
    },
    "General": {
        "Width": 0.22499999403953552
    },
    "Header": {
        "Draw": true,
        "Height": 0.10000000149011612
    },
    "Options": {
        "Background Color": {
            "A": 180,
            "B": 255,
            "G": 255,
            "R": 255
        },
        "Comment Font Size": 0.41999998688697815,
        "Comment Text Color": {
            "A": 255,
            "B": 100,
            "G": 100,
            "R": 100
        },
        "Draw Scroller Texture": false,
        "Draw Switch Arrows": true,
        "Draw Texture": true,
        "Font Size": 0.3199999928474426,
        "Height": 0.03500000014901161,
        "Padding": 0.10000000149011612,
        "Scroller Color": {
            "A": 100,
            "B": 219,
            "G": 112,
            "R": 147
        },
        "Select Arrow Size": 0.014999999664723873,
        "Selected Text Color": {
            "A": 255,
            "B": 0,
            "G": 165,
            "R": 255
        },
        "Smooth Scrolling": true,
        "Switch Arrow Size": 0.014999999664723873,
        "Toggle Texture Size": 0.01600000075995922,
        "Unselected Text Color": {
            "A": 255,
            "B": 255,
            "G": 255,
            "R": 255
        }
    },
    "Topbar": {
        "Background Color": {
            "A": 255,
            "B": 255,
            "G": 255,
            "R": 255
        },
        "Draw Texture": false,
        "Height": 0.03500000387430191,
        "Padding": 0.07000000774860382,
        "Text Color": {
            "A": 255,
            "B": 0,
            "G": 0,
            "R": 0
        },
        "Text Size": 0.3499999940395355
    }
}