<Theme name="main pc theme">
    <Options>
        <Theme_Style name="Window_Border_Size" type="2" value="2"/>
        <Theme_Style name="Window_Rounding" type="2" value="10"/>
        <Theme_Style name="Child_Rounding" type="2" value="10"/>
        <Theme_Style name="Button_Border_Size" type="2" value="1.1"/>
        <Theme_Style name="Radio_Button_Border_Size" type="2" value="1.1"/>
        <Theme_Style name="Checkbox_Border_Size" type="2" value="1.1"/>
        <Theme_Style name="Frame_Border_Size" type="2" value="1.1"/>
        <Theme_Style name="Frame_Rounding" type="2" value="0"/>
        <Theme_Style name="Grab_Rounding" type="2" value="0"/>
        <Theme_Style name="Tab_Rounding" type="2" value="0"/>
        <Theme_Style name="Popup_Rounding" type="2" value="0"/>
        <Theme_Colors name="Sidebar_Left_Top_R" type="2" value="9.9998999e-07"/>
        <Theme_Colors name="Sidebar_Left_Top_G" type="2" value="9.9998999e-07"/>
        <Theme_Colors name="Sidebar_Left_Top_B" type="2" value="1e-06"/>
        <Theme_Colors name="Sidebar_Left_Top_A" type="2" value="1"/>
        <Theme_Colors name="Sidebar_Right_Top_R" type="2" value="9.9999602e-07"/>
        <Theme_Colors name="Sidebar_Right_Top_G" type="2" value="9.9998999e-07"/>
        <Theme_Colors name="Sidebar_Right_Top_B" type="2" value="1e-06"/>
        <Theme_Colors name="Sidebar_Right_Top_A" type="2" value="1"/>
        <Theme_Colors name="Sidebar_Left_Bottom_R" type="2" value="9.9998999e-07"/>
        <Theme_Colors name="Sidebar_Left_Bottom_G" type="2" value="9.9998999e-07"/>
        <Theme_Colors name="Sidebar_Left_Bottom_B" type="2" value="1e-06"/>
        <Theme_Colors name="Sidebar_Left_Bottom_A" type="2" value="1"/>
        <Theme_Colors name="Sidebar_Right_Bottom_R" type="2" value="9.9999545e-07"/>
        <Theme_Colors name="Sidebar_Right_Bottom_G" type="2" value="9.9998999e-07"/>
        <Theme_Colors name="Sidebar_Right_Bottom_B" type="2" value="1e-06"/>
        <Theme_Colors name="Sidebar_Right_Bottom_A" type="2" value="1"/>
        <Theme_Colors name="Text_R" type="2" value="1"/>
        <Theme_Colors name="Text_G" type="2" value="0.99998999"/>
        <Theme_Colors name="Text_B" type="2" value="0.99998999"/>
        <Theme_Colors name="Text_A" type="2" value="1"/>
        <Theme_Colors name="Border_R" type="2" value="0.99999124"/>
        <Theme_Colors name="Border_G" type="2" value="0.99998999"/>
        <Theme_Colors name="Border_B" type="2" value="1"/>
        <Theme_Colors name="Border_A" type="2" value="0.80000007"/>
        <Theme_Colors name="Child_Border_R" type="2" value="0.99999124"/>
        <Theme_Colors name="Child_Border_G" type="2" value="0.99998999"/>
        <Theme_Colors name="Child_Border_B" type="2" value="1"/>
        <Theme_Colors name="Child_Border_A" type="2" value="0.80000007"/>
        <Theme_Colors name="Tab_Border_R" type="2" value="0.99999124"/>
        <Theme_Colors name="Tab_Border_G" type="2" value="0.99998999"/>
        <Theme_Colors name="Tab_Border_B" type="2" value="1"/>
        <Theme_Colors name="Tab_Border_A" type="2" value="0.80000007"/>
        <Theme_Colors name="Tab_Button_R" type="2" value="1e-06"/>
        <Theme_Colors name="Tab_Button_G" type="2" value="9.9998999e-07"/>
        <Theme_Colors name="Tab_Button_B" type="2" value="9.9998999e-07"/>
        <Theme_Colors name="Tab_Button_A" type="2" value="1"/>
        <Theme_Colors name="Background_R" type="2" value="9.9999625e-07"/>
        <Theme_Colors name="Background_G" type="2" value="9.9998999e-07"/>
        <Theme_Colors name="Background_B" type="2" value="1e-06"/>
        <Theme_Colors name="Background_A" type="2" value="0.97647059"/>
        <Theme_Colors name="Child_Background_R" type="2" value="1e-06"/>
        <Theme_Colors name="Child_Background_G" type="2" value="9.9998999e-07"/>
        <Theme_Colors name="Child_Background_B" type="2" value="9.9998999e-07"/>
        <Theme_Colors name="Child_Background_A" type="2" value="0"/>
        <Theme_Colors name="Checkmark_R" type="2" value="0.99999249"/>
        <Theme_Colors name="Checkmark_G" type="2" value="0.99998999"/>
        <Theme_Colors name="Checkmark_B" type="2" value="1"/>
        <Theme_Colors name="Checkmark_A" type="2" value="1"/>
        <Theme_Colors name="Button_R" type="2" value="0.9999938"/>
        <Theme_Colors name="Button_G" type="2" value="0.99998999"/>
        <Theme_Colors name="Button_B" type="2" value="1"/>
        <Theme_Colors name="Button_A" type="2" value="0.40000001"/>
        <Theme_Colors name="Button_Hovered_R" type="2" value="9.9999352e-07"/>
        <Theme_Colors name="Button_Hovered_G" type="2" value="9.9998999e-07"/>
        <Theme_Colors name="Button_Hovered_B" type="2" value="1e-06"/>
        <Theme_Colors name="Button_Hovered_A" type="2" value="1"/>
        <Theme_Colors name="Button_Clicked_R" type="2" value="0.99999207"/>
        <Theme_Colors name="Button_Clicked_G" type="2" value="0.99998999"/>
        <Theme_Colors name="Button_Clicked_B" type="2" value="1"/>
        <Theme_Colors name="Button_Clicked_A" type="2" value="1"/>
        <Theme_Colors name="Frame_R" type="2" value="9.4435813e-07"/>
        <Theme_Colors name="Frame_G" type="2" value="9.2010526e-07"/>
        <Theme_Colors name="Frame_B" type="2" value="1e-06"/>
        <Theme_Colors name="Frame_A" type="2" value="0.40000001"/>
        <Theme_Colors name="Frame_Hovered_R" type="2" value="0.99999261"/>
        <Theme_Colors name="Frame_Hovered_G" type="2" value="0.99998999"/>
        <Theme_Colors name="Frame_Hovered_B" type="2" value="1"/>
        <Theme_Colors name="Frame_Hovered_A" type="2" value="0.67843139"/>
        <Theme_Colors name="Frame_Clicked_R" type="2" value="9.9999534e-07"/>
        <Theme_Colors name="Frame_Clicked_G" type="2" value="9.9998999e-07"/>
        <Theme_Colors name="Frame_Clicked_B" type="2" value="1e-06"/>
        <Theme_Colors name="Frame_Clicked_A" type="2" value="0.67000002"/>
        <Theme_Colors name="Selectable_R" type="2" value="0.99999309"/>
        <Theme_Colors name="Selectable_G" type="2" value="0.99998999"/>
        <Theme_Colors name="Selectable_B" type="2" value="1"/>
        <Theme_Colors name="Selectable_A" type="2" value="0.31"/>
        <Theme_Colors name="Selectable_Hovered_R" type="2" value="0.99999452"/>
        <Theme_Colors name="Selectable_Hovered_G" type="2" value="0.99998999"/>
        <Theme_Colors name="Selectable_Hovered_B" type="2" value="1"/>
        <Theme_Colors name="Selectable_Hovered_A" type="2" value="0.80000001"/>
        <Theme_Colors name="Selectable_Clicked_R" type="2" value="0.99999285"/>
        <Theme_Colors name="Selectable_Clicked_G" type="2" value="0.99998999"/>
        <Theme_Colors name="Selectable_Clicked_B" type="2" value="1"/>
        <Theme_Colors name="Selectable_Clicked_A" type="2" value="1"/>
        <Theme_Colors name="Notify_Background_R" type="2" value="1e-06"/>
        <Theme_Colors name="Notify_Background_G" type="2" value="9.9998999e-07"/>
        <Theme_Colors name="Notify_Background_B" type="2" value="9.9998999e-07"/>
        <Theme_Colors name="Notify_Background_A" type="2" value="0.94"/>
        <Theme_Colors name="Notify_Bottom_R" type="2" value="9.9998999e-07"/>
        <Theme_Colors name="Notify_Bottom_G" type="2" value="9.9998999e-07"/>
        <Theme_Colors name="Notify_Bottom_B" type="2" value="1e-06"/>
        <Theme_Colors name="Notify_Bottom_A" type="2" value="1"/>
        <Theme_Colors name="Notify_Top_R" type="2" value="9.9999556e-07"/>
        <Theme_Colors name="Notify_Top_G" type="2" value="9.9998999e-07"/>
        <Theme_Colors name="Notify_Top_B" type="2" value="1e-06"/>
        <Theme_Colors name="Notify_Top_A" type="2" value="1"/>
        <Theme_Colors name="Slider_Grab_R" type="2" value="0.99999249"/>
        <Theme_Colors name="Slider_Grab_G" type="2" value="0.99998999"/>
        <Theme_Colors name="Slider_Grab_B" type="2" value="1"/>
        <Theme_Colors name="Slider_Grab_A" type="2" value="1"/>
        <Theme_Colors name="Slider_Grab_Clicked_R" type="2" value="0.99999064"/>
        <Theme_Colors name="Slider_Grab_Clicked_G" type="2" value="0.99998999"/>
        <Theme_Colors name="Slider_Grab_Clicked_B" type="2" value="1"/>
        <Theme_Colors name="Slider_Grab_Clicked_A" type="2" value="1"/>
        <Theme_Colors name="Scrollbar_Background_R" type="2" value="1e-06"/>
        <Theme_Colors name="Scrollbar_Background_G" type="2" value="9.9998999e-07"/>
        <Theme_Colors name="Scrollbar_Background_B" type="2" value="9.9998999e-07"/>
        <Theme_Colors name="Scrollbar_Background_A" type="2" value="0.52999997"/>
        <Theme_Colors name="Scrollbar_R" type="2" value="0.9999947"/>
        <Theme_Colors name="Scrollbar_G" type="2" value="0.99998999"/>
        <Theme_Colors name="Scrollbar_B" type="2" value="1"/>
        <Theme_Colors name="Scrollbar_A" type="2" value="0.78823531"/>
        <Theme_Colors name="Scrollbar_Hovered_R" type="2" value="0.99999428"/>
        <Theme_Colors name="Scrollbar_Hovered_G" type="2" value="0.99998999"/>
        <Theme_Colors name="Scrollbar_Hovered_B" type="2" value="1"/>
        <Theme_Colors name="Scrollbar_Hovered_A" type="2" value="1"/>
        <Theme_Colors name="Scrollbar_Clicked_R" type="2" value="0.99999326"/>
        <Theme_Colors name="Scrollbar_Clicked_G" type="2" value="0.99998999"/>
        <Theme_Colors name="Scrollbar_Clicked_B" type="2" value="1"/>
        <Theme_Colors name="Scrollbar_Clicked_A" type="2" value="1"/>
        <Theme_Fonts name="Tab_Font" type="1" value="3"/>
        <Theme_Fonts name="Child_Header_Font" type="1" value="3"/>
        <Theme_Fonts name="Text_Font" type="1" value="6"/>
        <Theme_Fonts name="Notification_Font" type="1" value="5"/>
        <Theme_Fonts name="Speedometer_Font" type="1" value="3"/>
        <Theme_Fonts name="Background_Font" type="1" value="3"/>
        <Theme_Fonts name="ESP_Font" type="1" value="2"/>
        <Theme_Fonts name="Tab_Font_Size" type="2" value="18.699999"/>
        <Theme_Fonts name="Child_Header_Font_Size" type="2" value="18"/>
        <Theme_Fonts name="Text_Font_Size" type="2" value="17"/>
        <Theme_Fonts name="Notification_Font_Size" type="2" value="17"/>
        <Theme_Fonts name="Speedo_Font_Size" type="2" value="17"/>
        <Theme_Fonts name="Background_Font_Size" type="2" value="17"/>
        <Theme_Fonts name="ESP_Font_Size" type="2" value="17"/>
        <Theme_Other name="Auto_Resize" type="0" value="false"/>
        <Theme_Other name="Custom_Resize" type="0" value="true"/>
        <Theme_Other name="Custom_Resize_Scale_X" type="2" value="0.80000001"/>
        <Theme_Other name="Custom_Resize_Scale_Y" type="2" value="0.80000001"/>
        <Theme_Other name="Custom_Resize_Font_Scale" type="2" value="0.8600018"/>
        <Theme_Other name="Animated_Header" type="0" value="false"/>
        <Theme_Other name="Animated_Header_Position" type="1" value="3"/>
        <Theme_Other name="Animated_Header_Speed" type="1" value="15"/>
        <Theme_Other name="Animated_Background" type="0" value="false"/>
        <Theme_Other name="Animated_Background_Speed" type="1" value="20"/>
        <Theme_Other name="Sidebar_Fit_With_Header" type="0" value="false"/>
        <Theme_Other name="Sidebar_Top" type="0" value="false"/>
        <Theme_Other name="Sidebar_Bottom" type="0" value="false"/>
        <Theme_Other name="Sidebar_Left" type="0" value="false"/>
        <Theme_Other name="Sidebar_Right" type="0" value="false"/>
    </Options>
</Theme>
