<Theme name="Minecraft">
    <Options>
        <Theme_Style name="Window_Border_Size" type="2" value="1"/>
        <Theme_Style name="Window_Rounding" type="2" value="0"/>
        <Theme_Style name="Child_Rounding" type="2" value="0"/>
        <Theme_Style name="Button_Border_Size" type="2" value="1"/>
        <Theme_Style name="Radio_Button_Border_Size" type="2" value="0"/>
        <Theme_Style name="Checkbox_Border_Size" type="2" value="0.1"/>
        <Theme_Style name="Frame_Border_Size" type="2" value="0"/>
        <Theme_Style name="Frame_Rounding" type="2" value="0"/>
        <Theme_Style name="Grab_Rounding" type="2" value="0"/>
        <Theme_Style name="Tab_Rounding" type="2" value="0"/>
        <Theme_Style name="Popup_Rounding" type="2" value="0"/>
        <Theme_Colors name="Sidebar_Left_Top_R" type="2" value="0.51079524"/>
        <Theme_Colors name="Sidebar_Left_Top_G" type="2" value="0.93145162"/>
        <Theme_Colors name="Sidebar_Left_Top_B" type="2" value="0"/>
        <Theme_Colors name="Sidebar_Left_Top_A" type="2" value="1"/>
        <Theme_Colors name="Sidebar_Right_Top_R" type="2" value="9.9998999e-07"/>
        <Theme_Colors name="Sidebar_Right_Top_G" type="2" value="9.9999363e-07"/>
        <Theme_Colors name="Sidebar_Right_Top_B" type="2" value="1e-06"/>
        <Theme_Colors name="Sidebar_Right_Top_A" type="2" value="1"/>
        <Theme_Colors name="Sidebar_Left_Bottom_R" type="2" value="9.9998999e-07"/>
        <Theme_Colors name="Sidebar_Left_Bottom_G" type="2" value="9.9998999e-07"/>
        <Theme_Colors name="Sidebar_Left_Bottom_B" type="2" value="1e-06"/>
        <Theme_Colors name="Sidebar_Left_Bottom_A" type="2" value="1"/>
        <Theme_Colors name="Sidebar_Right_Bottom_R" type="2" value="0.30645168"/>
        <Theme_Colors name="Sidebar_Right_Bottom_G" type="2" value="1"/>
        <Theme_Colors name="Sidebar_Right_Bottom_B" type="2" value="0"/>
        <Theme_Colors name="Sidebar_Right_Bottom_A" type="2" value="1"/>
        <Theme_Colors name="Text_R" type="2" value="1"/>
        <Theme_Colors name="Text_G" type="2" value="1"/>
        <Theme_Colors name="Text_B" type="2" value="1"/>
        <Theme_Colors name="Text_A" type="2" value="1"/>
        <Theme_Colors name="Border_R" type="2" value="0.37903225"/>
        <Theme_Colors name="Border_G" type="2" value="1"/>
        <Theme_Colors name="Border_B" type="2" value="0"/>
        <Theme_Colors name="Border_A" type="2" value="0.80000007"/>
        <Theme_Colors name="Child_Border_R" type="2" value="0.3306452"/>
        <Theme_Colors name="Child_Border_G" type="2" value="1"/>
        <Theme_Colors name="Child_Border_B" type="2" value="0"/>
        <Theme_Colors name="Child_Border_A" type="2" value="0.80000007"/>
        <Theme_Colors name="Tab_Border_R" type="2" value="9.9999363e-07"/>
        <Theme_Colors name="Tab_Border_G" type="2" value="1e-06"/>
        <Theme_Colors name="Tab_Border_B" type="2" value="9.9998999e-07"/>
        <Theme_Colors name="Tab_Border_A" type="2" value="0.8509804"/>
        <Theme_Colors name="Tab_Button_R" type="2" value="0.3710323"/>
        <Theme_Colors name="Tab_Button_G" type="2" value="0.75403225"/>
        <Theme_Colors name="Tab_Button_B" type="2" value="0.085132681"/>
        <Theme_Colors name="Tab_Button_A" type="2" value="0.61176473"/>
        <Theme_Colors name="Background_R" type="2" value="0.20812544"/>
        <Theme_Colors name="Background_G" type="2" value="0.31854838"/>
        <Theme_Colors name="Background_B" type="2" value="0.10789541"/>
        <Theme_Colors name="Background_A" type="2" value="0.94"/>
        <Theme_Colors name="Child_Background_R" type="2" value="0"/>
        <Theme_Colors name="Child_Background_G" type="2" value="0"/>
        <Theme_Colors name="Child_Background_B" type="2" value="0"/>
        <Theme_Colors name="Child_Background_A" type="2" value="0.53333336"/>
        <Theme_Colors name="Checkmark_R" type="2" value="0.30645168"/>
        <Theme_Colors name="Checkmark_G" type="2" value="1"/>
        <Theme_Colors name="Checkmark_B" type="2" value="0"/>
        <Theme_Colors name="Checkmark_A" type="2" value="1"/>
        <Theme_Colors name="Button_R" type="2" value="0.11923676"/>
        <Theme_Colors name="Button_G" type="2" value="0.92338711"/>
        <Theme_Colors name="Button_B" type="2" value="0.040956702"/>
        <Theme_Colors name="Button_A" type="2" value="0.40000001"/>
        <Theme_Colors name="Button_Hovered_R" type="2" value="0.45161295"/>
        <Theme_Colors name="Button_Hovered_G" type="2" value="1"/>
        <Theme_Colors name="Button_Hovered_B" type="2" value="0"/>
        <Theme_Colors name="Button_Hovered_A" type="2" value="1"/>
        <Theme_Colors name="Button_Clicked_R" type="2" value="0.68436313"/>
        <Theme_Colors name="Button_Clicked_G" type="2" value="0.85080647"/>
        <Theme_Colors name="Button_Clicked_B" type="2" value="0.20584029"/>
        <Theme_Colors name="Button_Clicked_A" type="2" value="1"/>
        <Theme_Colors name="Frame_R" type="2" value="0.39005592"/>
        <Theme_Colors name="Frame_G" type="2" value="0.625"/>
        <Theme_Colors name="Frame_B" type="2" value="0.19657257"/>
        <Theme_Colors name="Frame_A" type="2" value="0.54000002"/>
        <Theme_Colors name="Frame_Hovered_R" type="2" value="0.46753863"/>
        <Theme_Colors name="Frame_Hovered_G" type="2" value="0.80241936"/>
        <Theme_Colors name="Frame_Hovered_B" type="2" value="0.13265806"/>
        <Theme_Colors name="Frame_Hovered_A" type="2" value="0.40000001"/>
        <Theme_Colors name="Frame_Clicked_R" type="2" value="0.5628373"/>
        <Theme_Colors name="Frame_Clicked_G" type="2" value="0.875"/>
        <Theme_Colors name="Frame_Clicked_B" type="2" value="0.14465728"/>
        <Theme_Colors name="Frame_Clicked_A" type="2" value="0.67000002"/>
        <Theme_Colors name="Selectable_R" type="2" value="0.28156748"/>
        <Theme_Colors name="Selectable_G" type="2" value="0.7903226"/>
        <Theme_Colors name="Selectable_B" type="2" value="0.16571279"/>
        <Theme_Colors name="Selectable_A" type="2" value="0.31"/>
        <Theme_Colors name="Selectable_Hovered_R" type="2" value="0.4175863"/>
        <Theme_Colors name="Selectable_Hovered_G" type="2" value="0.94758064"/>
        <Theme_Colors name="Selectable_Hovered_B" type="2" value="0.12608935"/>
        <Theme_Colors name="Selectable_Hovered_A" type="2" value="0.80000001"/>
        <Theme_Colors name="Selectable_Clicked_R" type="2" value="0.459142"/>
        <Theme_Colors name="Selectable_Clicked_G" type="2" value="0.98387098"/>
        <Theme_Colors name="Selectable_Clicked_B" type="2" value="0.06744276"/>
        <Theme_Colors name="Selectable_Clicked_A" type="2" value="1"/>
        <Theme_Colors name="Notify_Background_R" type="2" value="9.9999284e-07"/>
        <Theme_Colors name="Notify_Background_G" type="2" value="1e-06"/>
        <Theme_Colors name="Notify_Background_B" type="2" value="9.9998999e-07"/>
        <Theme_Colors name="Notify_Background_A" type="2" value="0.94"/>
        <Theme_Colors name="Notify_Bottom_R" type="2" value="0.18308039"/>
        <Theme_Colors name="Notify_Bottom_G" type="2" value="0.43921572"/>
        <Theme_Colors name="Notify_Bottom_B" type="2" value="0.082352951"/>
        <Theme_Colors name="Notify_Bottom_A" type="2" value="1"/>
        <Theme_Colors name="Notify_Top_R" type="2" value="0.18548381"/>
        <Theme_Colors name="Notify_Top_G" type="2" value="1"/>
        <Theme_Colors name="Notify_Top_B" type="2" value="0"/>
        <Theme_Colors name="Notify_Top_A" type="2" value="1"/>
        <Theme_Colors name="Slider_Grab_R" type="2" value="0.18548381"/>
        <Theme_Colors name="Slider_Grab_G" type="2" value="1"/>
        <Theme_Colors name="Slider_Grab_B" type="2" value="0"/>
        <Theme_Colors name="Slider_Grab_A" type="2" value="1"/>
        <Theme_Colors name="Slider_Grab_Clicked_R" type="2" value="0.20454538"/>
        <Theme_Colors name="Slider_Grab_Clicked_G" type="2" value="1"/>
        <Theme_Colors name="Slider_Grab_Clicked_B" type="2" value="0"/>
        <Theme_Colors name="Slider_Grab_Clicked_A" type="2" value="1"/>
        <Theme_Colors name="Scrollbar_Background_R" type="2" value="0.30588236"/>
        <Theme_Colors name="Scrollbar_Background_G" type="2" value="0.53333336"/>
        <Theme_Colors name="Scrollbar_Background_B" type="2" value="0.15294118"/>
        <Theme_Colors name="Scrollbar_Background_A" type="2" value="0"/>
        <Theme_Colors name="Scrollbar_R" type="2" value="0.33023614"/>
        <Theme_Colors name="Scrollbar_G" type="2" value="0.91129035"/>
        <Theme_Colors name="Scrollbar_B" type="2" value="0.073491141"/>
        <Theme_Colors name="Scrollbar_A" type="2" value="1"/>
        <Theme_Colors name="Scrollbar_Hovered_R" type="2" value="0.34756938"/>
        <Theme_Colors name="Scrollbar_Hovered_G" type="2" value="0.70967746"/>
        <Theme_Colors name="Scrollbar_Hovered_B" type="2" value="0.077263281"/>
        <Theme_Colors name="Scrollbar_Hovered_A" type="2" value="1"/>
        <Theme_Colors name="Scrollbar_Clicked_R" type="2" value="0.27803075"/>
        <Theme_Colors name="Scrollbar_Clicked_G" type="2" value="0.90725803"/>
        <Theme_Colors name="Scrollbar_Clicked_B" type="2" value="0"/>
        <Theme_Colors name="Scrollbar_Clicked_A" type="2" value="1"/>
        <Theme_Fonts name="Tab_Font" type="1" value="5"/>
        <Theme_Fonts name="Child_Header_Font" type="1" value="1"/>
        <Theme_Fonts name="Text_Font" type="1" value="6"/>
        <Theme_Fonts name="Speedometer_Font" type="1" value="4"/>
        <Theme_Fonts name="Background_Font" type="1" value="1"/>
        <Theme_Fonts name="ESP_Font" type="1" value="6"/>
        <Theme_Other name="Auto_Resize" type="0" value="false"/>
        <Theme_Other name="Custom_Resize" type="0" value="false"/>
        <Theme_Other name="Custom_Resize_Scale_X" type="2" value="1"/>
        <Theme_Other name="Custom_Resize_Scale_Y" type="2" value="1"/>
        <Theme_Other name="Custom_Resize_Font_Scale" type="2" value="1"/>
        <Theme_Other name="Animated_Header" type="0" value="true"/>
        <Theme_Other name="Animated_Header_Position" type="1" value="1"/>
        <Theme_Other name="Animated_Header_Speed" type="1" value="33"/>
        <Theme_Other name="Animated_Background" type="0" value="true"/>
        <Theme_Other name="Animated_Background_Speed" type="1" value="20"/>
        <Theme_Other name="Sidebar_Fit_With_Header" type="0" value="true"/>
        <Theme_Other name="Sidebar_Top" type="0" value="true"/>
        <Theme_Other name="Sidebar_Bottom" type="0" value="true"/>
        <Theme_Other name="Sidebar_Left" type="0" value="false"/>
        <Theme_Other name="Sidebar_Right" type="0" value="false"/>
    </Options>
</Theme>
