<Theme name="Pornhub">
    <Options>
        <Theme_Colors name="Sidebar_Left_Top_R" type="2" value="1e-06"/>
        <Theme_Colors name="Sidebar_Left_Top_G" type="2" value="9.9998999e-07"/>
        <Theme_Colors name="Sidebar_Left_Top_B" type="2" value="9.9998999e-07"/>
        <Theme_Colors name="Sidebar_Left_Top_A" type="2" value="1"/>
        <Theme_Colors name="Sidebar_Right_Top_R" type="2" value="1e-06"/>
        <Theme_Colors name="Sidebar_Right_Top_G" type="2" value="9.9998999e-07"/>
        <Theme_Colors name="Sidebar_Right_Top_B" type="2" value="9.9998999e-07"/>
        <Theme_Colors name="Sidebar_Right_Top_A" type="2" value="1"/>
        <Theme_Colors name="Sidebar_Left_Bottom_R" type="2" value="9.9998999e-07"/>
        <Theme_Colors name="Sidebar_Left_Bottom_G" type="2" value="9.9998999e-07"/>
        <Theme_Colors name="Sidebar_Left_Bottom_B" type="2" value="1e-06"/>
        <Theme_Colors name="Sidebar_Left_Bottom_A" type="2" value="1"/>
        <Theme_Colors name="Sidebar_Right_Bottom_R" type="2" value="1"/>
        <Theme_Colors name="Sidebar_Right_Bottom_G" type="2" value="0.65322578"/>
        <Theme_Colors name="Sidebar_Right_Bottom_B" type="2" value="0"/>
        <Theme_Colors name="Sidebar_Right_Bottom_A" type="2" value="0.99215686"/>
        <Theme_Colors name="Text_R" type="2" value="1"/>
        <Theme_Colors name="Text_G" type="2" value="0.99998999"/>
        <Theme_Colors name="Text_B" type="2" value="0.99998999"/>
        <Theme_Colors name="Text_A" type="2" value="1"/>
        <Theme_Colors name="Border_R" type="2" value="1"/>
        <Theme_Colors name="Border_G" type="2" value="0.55645144"/>
        <Theme_Colors name="Border_B" type="2" value="0"/>
        <Theme_Colors name="Border_A" type="2" value="0.80000007"/>
        <Theme_Colors name="Child_Border_R" type="2" value="0"/>
        <Theme_Colors name="Child_Border_G" type="2" value="0"/>
        <Theme_Colors name="Child_Border_B" type="2" value="0"/>
        <Theme_Colors name="Child_Border_A" type="2" value="0.72549021"/>
        <Theme_Colors name="Tab_Border_R" type="2" value="1"/>
        <Theme_Colors name="Tab_Border_G" type="2" value="0.53791571"/>
        <Theme_Colors name="Tab_Border_B" type="2" value="0.012096763"/>
        <Theme_Colors name="Tab_Border_A" type="2" value="0.80000007"/>
        <Theme_Colors name="Tab_Button_R" type="2" value="0"/>
        <Theme_Colors name="Tab_Button_G" type="2" value="0"/>
        <Theme_Colors name="Tab_Button_B" type="2" value="0"/>
        <Theme_Colors name="Tab_Button_A" type="2" value="0.39607844"/>
        <Theme_Colors name="Background_R" type="2" value="0.47177422"/>
        <Theme_Colors name="Background_G" type="2" value="0.31958899"/>
        <Theme_Colors name="Background_B" type="2" value="0.034241673"/>
        <Theme_Colors name="Background_A" type="2" value="0.94"/>
        <Theme_Colors name="Child_Background_R" type="2" value="0"/>
        <Theme_Colors name="Child_Background_G" type="2" value="0"/>
        <Theme_Colors name="Child_Background_B" type="2" value="0"/>
        <Theme_Colors name="Child_Background_A" type="2" value="0.67058825"/>
        <Theme_Colors name="Checkmark_R" type="2" value="0.93951613"/>
        <Theme_Colors name="Checkmark_G" type="2" value="0.52664465"/>
        <Theme_Colors name="Checkmark_B" type="2" value="0.056825574"/>
        <Theme_Colors name="Checkmark_A" type="2" value="1"/>
        <Theme_Colors name="Button_R" type="2" value="1"/>
        <Theme_Colors name="Button_G" type="2" value="0.50806439"/>
        <Theme_Colors name="Button_B" type="2" value="0"/>
        <Theme_Colors name="Button_A" type="2" value="0.40000001"/>
        <Theme_Colors name="Button_Hovered_R" type="2" value="0.97580647"/>
        <Theme_Colors name="Button_Hovered_G" type="2" value="0.60987866"/>
        <Theme_Colors name="Button_Hovered_B" type="2" value="0"/>
        <Theme_Colors name="Button_Hovered_A" type="2" value="1"/>
        <Theme_Colors name="Button_Clicked_R" type="2" value="1"/>
        <Theme_Colors name="Button_Clicked_G" type="2" value="0.60227251"/>
        <Theme_Colors name="Button_Clicked_B" type="2" value="0"/>
        <Theme_Colors name="Button_Clicked_A" type="2" value="1"/>
        <Theme_Colors name="Frame_R" type="2" value="0.88709676"/>
        <Theme_Colors name="Frame_G" type="2" value="0.6330716"/>
        <Theme_Colors name="Frame_B" type="2" value="0.035770051"/>
        <Theme_Colors name="Frame_A" type="2" value="0.54000002"/>
        <Theme_Colors name="Frame_Hovered_R" type="2" value="0.97177422"/>
        <Theme_Colors name="Frame_Hovered_G" type="2" value="0.70961732"/>
        <Theme_Colors name="Frame_Hovered_B" type="2" value="0.015673762"/>
        <Theme_Colors name="Frame_Hovered_A" type="2" value="0.40000001"/>
        <Theme_Colors name="Frame_Clicked_R" type="2" value="1"/>
        <Theme_Colors name="Frame_Clicked_G" type="2" value="0.72580642"/>
        <Theme_Colors name="Frame_Clicked_B" type="2" value="0"/>
        <Theme_Colors name="Frame_Clicked_A" type="2" value="0.67000002"/>
        <Theme_Colors name="Selectable_R" type="2" value="1e-06"/>
        <Theme_Colors name="Selectable_G" type="2" value="9.9998999e-07"/>
        <Theme_Colors name="Selectable_B" type="2" value="9.9998999e-07"/>
        <Theme_Colors name="Selectable_A" type="2" value="0.31"/>
        <Theme_Colors name="Selectable_Hovered_R" type="2" value="9.9998999e-07"/>
        <Theme_Colors name="Selectable_Hovered_G" type="2" value="9.9999454e-07"/>
        <Theme_Colors name="Selectable_Hovered_B" type="2" value="1e-06"/>
        <Theme_Colors name="Selectable_Hovered_A" type="2" value="0.80000001"/>
        <Theme_Colors name="Selectable_Clicked_R" type="2" value="9.9998999e-07"/>
        <Theme_Colors name="Selectable_Clicked_G" type="2" value="9.9999454e-07"/>
        <Theme_Colors name="Selectable_Clicked_B" type="2" value="1e-06"/>
        <Theme_Colors name="Selectable_Clicked_A" type="2" value="1"/>
        <Theme_Colors name="Notify_Background_R" type="2" value="0.059999999"/>
        <Theme_Colors name="Notify_Background_G" type="2" value="0.059999999"/>
        <Theme_Colors name="Notify_Background_B" type="2" value="0.059999999"/>
        <Theme_Colors name="Notify_Background_A" type="2" value="0.94"/>
        <Theme_Colors name="Notify_Bottom_R" type="2" value="9.9998999e-07"/>
        <Theme_Colors name="Notify_Bottom_G" type="2" value="9.9998999e-07"/>
        <Theme_Colors name="Notify_Bottom_B" type="2" value="1e-06"/>
        <Theme_Colors name="Notify_Bottom_A" type="2" value="1"/>
        <Theme_Colors name="Notify_Top_R" type="2" value="0.96774197"/>
        <Theme_Colors name="Notify_Top_G" type="2" value="0.61018795"/>
        <Theme_Colors name="Notify_Top_B" type="2" value="0.0039021815"/>
        <Theme_Colors name="Notify_Top_A" type="2" value="1"/>
        <Theme_Colors name="Slider_Grab_R" type="2" value="0.97580647"/>
        <Theme_Colors name="Slider_Grab_G" type="2" value="0.66052246"/>
        <Theme_Colors name="Slider_Grab_B" type="2" value="0.12591051"/>
        <Theme_Colors name="Slider_Grab_A" type="2" value="1"/>
        <Theme_Colors name="Slider_Grab_Clicked_R" type="2" value="9.9998999e-07"/>
        <Theme_Colors name="Slider_Grab_Clicked_G" type="2" value="9.9999454e-07"/>
        <Theme_Colors name="Slider_Grab_Clicked_B" type="2" value="1e-06"/>
        <Theme_Colors name="Slider_Grab_Clicked_A" type="2" value="1"/>
        <Theme_Colors name="Scrollbar_Background_R" type="2" value="0.02"/>
        <Theme_Colors name="Scrollbar_Background_G" type="2" value="0.02"/>
        <Theme_Colors name="Scrollbar_Background_B" type="2" value="0.02"/>
        <Theme_Colors name="Scrollbar_Background_A" type="2" value="0.52999997"/>
        <Theme_Colors name="Scrollbar_R" type="2" value="0.93145162"/>
        <Theme_Colors name="Scrollbar_G" type="2" value="0.52830321"/>
        <Theme_Colors name="Scrollbar_B" type="2" value="0.022535099"/>
        <Theme_Colors name="Scrollbar_A" type="2" value="1"/>
        <Theme_Colors name="Scrollbar_Hovered_R" type="2" value="0.93548387"/>
        <Theme_Colors name="Scrollbar_Hovered_G" type="2" value="0.55568641"/>
        <Theme_Colors name="Scrollbar_Hovered_B" type="2" value="0.079214342"/>
        <Theme_Colors name="Scrollbar_Hovered_A" type="2" value="1"/>
        <Theme_Colors name="Scrollbar_Clicked_R" type="2" value="1"/>
        <Theme_Colors name="Scrollbar_Clicked_G" type="2" value="0.62903184"/>
        <Theme_Colors name="Scrollbar_Clicked_B" type="2" value="0"/>
        <Theme_Colors name="Scrollbar_Clicked_A" type="2" value="1"/>
        <Theme_Fonts name="Tab_Font" type="1" value="5"/>
        <Theme_Fonts name="Child_Header_Font" type="1" value="1"/>
        <Theme_Fonts name="Text_Font" type="1" value="5"/>
        <Theme_Fonts name="Speedometer_Font" type="1" value="4"/>
        <Theme_Fonts name="Background_Font" type="1" value="1"/>
        <Theme_Fonts name="ESP_Font" type="1" value="6"/>
        <Theme_Other name="Auto_Resize" type="0" value="false"/>
        <Theme_Other name="Custom_Resize" type="0" value="true"/>
        <Theme_Other name="Custom_Resize_Scale_X" type="2" value="0.95000064"/>
        <Theme_Other name="Custom_Resize_Scale_Y" type="2" value="1"/>
        <Theme_Other name="Custom_Resize_Font_Scale" type="2" value="1"/>
        <Theme_Other name="Animated_Header" type="0" value="true"/>
        <Theme_Other name="Animated_Header_Position" type="1" value="1"/>
        <Theme_Other name="Animated_Header_Speed" type="1" value="26"/>
        <Theme_Other name="Animated_Background_Speed" type="1" value="26"/>
        <Theme_Other name="Sidebar_Fit_With_Header" type="0" value="false"/>
        <Theme_Other name="Sidebar_Top" type="0" value="false"/>
        <Theme_Other name="Sidebar_Bottom" type="0" value="false"/>
        <Theme_Other name="Sidebar_Left" type="0" value="false"/>
        <Theme_Other name="Sidebar_Right" type="0" value="false"/>
    </Options>
</Theme>
