<Theme name="Aureate">
    <Options>
        <Theme_Style name="Window_Border_Size" type="2" value="1"/>
        <Theme_Style name="Window_Rounding" type="2" value="0"/>
        <Theme_Style name="Child_Rounding" type="2" value="10"/>
        <Theme_Style name="Frame_Border_Size" type="2" value="0"/>
        <Theme_Style name="Frame_Rounding" type="2" value="0"/>
        <Theme_Style name="Grab_Rounding" type="2" value="2.8"/>
        <Theme_Style name="Tab_Rounding" type="2" value="4"/>
        <Theme_Style name="Popup_Rounding" type="2" value="10"/>
        <Theme_Colors name="Sidebar_Left_Top_R" type="2" value="1e-06"/>
        <Theme_Colors name="Sidebar_Left_Top_G" type="2" value="9.9998999e-07"/>
        <Theme_Colors name="Sidebar_Left_Top_B" type="2" value="9.9998999e-07"/>
        <Theme_Colors name="Sidebar_Left_Top_A" type="2" value="1"/>
        <Theme_Colors name="Sidebar_Right_Top_R" type="2" value="1e-06"/>
        <Theme_Colors name="Sidebar_Right_Top_G" type="2" value="9.9998999e-07"/>
        <Theme_Colors name="Sidebar_Right_Top_B" type="2" value="9.9999238e-07"/>
        <Theme_Colors name="Sidebar_Right_Top_A" type="2" value="1"/>
        <Theme_Colors name="Sidebar_Left_Bottom_R" type="2" value="9.9998999e-07"/>
        <Theme_Colors name="Sidebar_Left_Bottom_G" type="2" value="9.9998999e-07"/>
        <Theme_Colors name="Sidebar_Left_Bottom_B" type="2" value="1e-06"/>
        <Theme_Colors name="Sidebar_Left_Bottom_A" type="2" value="1"/>
        <Theme_Colors name="Sidebar_Right_Bottom_R" type="2" value="9.9999545e-07"/>
        <Theme_Colors name="Sidebar_Right_Bottom_G" type="2" value="9.9998999e-07"/>
        <Theme_Colors name="Sidebar_Right_Bottom_B" type="2" value="1e-06"/>
        <Theme_Colors name="Sidebar_Right_Bottom_A" type="2" value="1"/>
        <Theme_Colors name="Text_R" type="2" value="1"/>
        <Theme_Colors name="Text_G" type="2" value="0.99998999"/>
        <Theme_Colors name="Text_B" type="2" value="0.99998999"/>
        <Theme_Colors name="Text_A" type="2" value="1"/>
        <Theme_Colors name="Border_R" type="2" value="0.07661289"/>
        <Theme_Colors name="Border_G" type="2" value="0.052207977"/>
        <Theme_Colors name="Border_B" type="2" value="0.052207977"/>
        <Theme_Colors name="Border_A" type="2" value="0.40000001"/>
        <Theme_Colors name="Child_Border_R" type="2" value="0.18951613"/>
        <Theme_Colors name="Child_Border_G" type="2" value="0.18109937"/>
        <Theme_Colors name="Child_Border_B" type="2" value="0.16353408"/>
        <Theme_Colors name="Child_Border_A" type="2" value="1"/>
        <Theme_Colors name="Tab_Border_R" type="2" value="1e-06"/>
        <Theme_Colors name="Tab_Border_G" type="2" value="9.9998999e-07"/>
        <Theme_Colors name="Tab_Border_B" type="2" value="9.9998999e-07"/>
        <Theme_Colors name="Tab_Border_A" type="2" value="0.80000007"/>
        <Theme_Colors name="Tab_Button_R" type="2" value="0.19215687"/>
        <Theme_Colors name="Tab_Button_G" type="2" value="0.19215687"/>
        <Theme_Colors name="Tab_Button_B" type="2" value="0.19215687"/>
        <Theme_Colors name="Tab_Button_A" type="2" value="0.40000001"/>
        <Theme_Colors name="Background_R" type="2" value="0.056451432"/>
        <Theme_Colors name="Background_G" type="2" value="0.056451052"/>
        <Theme_Colors name="Background_B" type="2" value="0.056451619"/>
        <Theme_Colors name="Background_A" type="2" value="0.97647059"/>
        <Theme_Colors name="Child_Background_R" type="2" value="0.99193549"/>
        <Theme_Colors name="Child_Background_G" type="2" value="0.99192554"/>
        <Theme_Colors name="Child_Background_B" type="2" value="0.99192554"/>
        <Theme_Colors name="Child_Background_A" type="2" value="0"/>
        <Theme_Colors name="Checkmark_R" type="2" value="1"/>
        <Theme_Colors name="Checkmark_G" type="2" value="0.99998999"/>
        <Theme_Colors name="Checkmark_B" type="2" value="0.99998999"/>
        <Theme_Colors name="Checkmark_A" type="2" value="1"/>
        <Theme_Colors name="Button_R" type="2" value="0.1935472"/>
        <Theme_Colors name="Button_G" type="2" value="0.19354644"/>
        <Theme_Colors name="Button_B" type="2" value="0.19354838"/>
        <Theme_Colors name="Button_A" type="2" value="0.40000001"/>
        <Theme_Colors name="Button_Hovered_R" type="2" value="0.86666667"/>
        <Theme_Colors name="Button_Hovered_G" type="2" value="0.59607846"/>
        <Theme_Colors name="Button_Hovered_B" type="2" value="0.031372551"/>
        <Theme_Colors name="Button_Hovered_A" type="2" value="1"/>
        <Theme_Colors name="Button_Clicked_R" type="2" value="0.78225803"/>
        <Theme_Colors name="Button_Clicked_G" type="2" value="0.54009032"/>
        <Theme_Colors name="Button_Clicked_B" type="2" value="0.034696944"/>
        <Theme_Colors name="Button_Clicked_A" type="2" value="1"/>
        <Theme_Colors name="Frame_R" type="2" value="0.35080647"/>
        <Theme_Colors name="Frame_G" type="2" value="0.34939194"/>
        <Theme_Colors name="Frame_B" type="2" value="0.34939194"/>
        <Theme_Colors name="Frame_A" type="2" value="0.40000001"/>
        <Theme_Colors name="Frame_Hovered_R" type="2" value="0.52822578"/>
        <Theme_Colors name="Frame_Hovered_G" type="2" value="0.52822411"/>
        <Theme_Colors name="Frame_Hovered_B" type="2" value="0.52822047"/>
        <Theme_Colors name="Frame_Hovered_A" type="2" value="1"/>
        <Theme_Colors name="Frame_Clicked_R" type="2" value="0.62096775"/>
        <Theme_Colors name="Frame_Clicked_G" type="2" value="0.43278599"/>
        <Theme_Colors name="Frame_Clicked_B" type="2" value="0.040062435"/>
        <Theme_Colors name="Frame_Clicked_A" type="2" value="1"/>
        <Theme_Colors name="Selectable_R" type="2" value="0.73387098"/>
        <Theme_Colors name="Selectable_G" type="2" value="0.5095585"/>
        <Theme_Colors name="Selectable_B" type="2" value="0.041428205"/>
        <Theme_Colors name="Selectable_A" type="2" value="1"/>
        <Theme_Colors name="Selectable_Hovered_R" type="2" value="0.86666667"/>
        <Theme_Colors name="Selectable_Hovered_G" type="2" value="0.59607846"/>
        <Theme_Colors name="Selectable_Hovered_B" type="2" value="0.031372551"/>
        <Theme_Colors name="Selectable_Hovered_A" type="2" value="1"/>
        <Theme_Colors name="Selectable_Clicked_R" type="2" value="0.78629029"/>
        <Theme_Colors name="Selectable_Clicked_G" type="2" value="0.54287434"/>
        <Theme_Colors name="Selectable_Clicked_B" type="2" value="0.034875792"/>
        <Theme_Colors name="Selectable_Clicked_A" type="2" value="1"/>
        <Theme_Colors name="Notify_Background_R" type="2" value="0.059999999"/>
        <Theme_Colors name="Notify_Background_G" type="2" value="0.059999999"/>
        <Theme_Colors name="Notify_Background_B" type="2" value="0.059999999"/>
        <Theme_Colors name="Notify_Background_A" type="2" value="0.94"/>
        <Theme_Colors name="Notify_Bottom_R" type="2" value="9.9998999e-07"/>
        <Theme_Colors name="Notify_Bottom_G" type="2" value="9.9998999e-07"/>
        <Theme_Colors name="Notify_Bottom_B" type="2" value="1e-06"/>
        <Theme_Colors name="Notify_Bottom_A" type="2" value="1"/>
        <Theme_Colors name="Notify_Top_R" type="2" value="9.9999545e-07"/>
        <Theme_Colors name="Notify_Top_G" type="2" value="9.9998999e-07"/>
        <Theme_Colors name="Notify_Top_B" type="2" value="1e-06"/>
        <Theme_Colors name="Notify_Top_A" type="2" value="1"/>
        <Theme_Colors name="Slider_Grab_R" type="2" value="0.86666667"/>
        <Theme_Colors name="Slider_Grab_G" type="2" value="0.59607846"/>
        <Theme_Colors name="Slider_Grab_B" type="2" value="0.031372551"/>
        <Theme_Colors name="Slider_Grab_A" type="2" value="1"/>
        <Theme_Colors name="Slider_Grab_Clicked_R" type="2" value="0.77419353"/>
        <Theme_Colors name="Slider_Grab_Clicked_G" type="2" value="0.53249967"/>
        <Theme_Colors name="Slider_Grab_Clicked_B" type="2" value="0.028095752"/>
        <Theme_Colors name="Slider_Grab_Clicked_A" type="2" value="1"/>
        <Theme_Colors name="Scrollbar_Background_R" type="2" value="1e-06"/>
        <Theme_Colors name="Scrollbar_Background_G" type="2" value="9.9998999e-07"/>
        <Theme_Colors name="Scrollbar_Background_B" type="2" value="9.9998999e-07"/>
        <Theme_Colors name="Scrollbar_Background_A" type="2" value="0.52999997"/>
        <Theme_Colors name="Scrollbar_R" type="2" value="0.86666667"/>
        <Theme_Colors name="Scrollbar_G" type="2" value="0.59607846"/>
        <Theme_Colors name="Scrollbar_B" type="2" value="0.031372551"/>
        <Theme_Colors name="Scrollbar_A" type="2" value="1"/>
        <Theme_Colors name="Scrollbar_Hovered_R" type="2" value="0.86693549"/>
        <Theme_Colors name="Scrollbar_Hovered_G" type="2" value="0.59742761"/>
        <Theme_Colors name="Scrollbar_Hovered_B" type="2" value="0.031461392"/>
        <Theme_Colors name="Scrollbar_Hovered_A" type="2" value="1"/>
        <Theme_Colors name="Scrollbar_Clicked_R" type="2" value="0.76612902"/>
        <Theme_Colors name="Scrollbar_Clicked_G" type="2" value="0.52595222"/>
        <Theme_Colors name="Scrollbar_Clicked_B" type="2" value="0.024713861"/>
        <Theme_Colors name="Scrollbar_Clicked_A" type="2" value="1"/>
        <Theme_Fonts name="Tab_Font" type="1" value="6"/>
        <Theme_Fonts name="Child_Header_Font" type="1" value="7"/>
        <Theme_Fonts name="Text_Font" type="1" value="6"/>
        <Theme_Fonts name="Speedometer_Font" type="1" value="0"/>
        <Theme_Fonts name="Background_Font" type="1" value="7"/>
        <Theme_Fonts name="ESP_Font" type="1" value="6"/>
        <Theme_Other name="Auto_Resize" type="0" value="false"/>
        <Theme_Other name="Custom_Resize" type="0" value="true"/>
        <Theme_Other name="Custom_Resize_Scale_X" type="2" value="1.0100005"/>
        <Theme_Other name="Custom_Resize_Scale_Y" type="2" value="1.0550026"/>
        <Theme_Other name="Custom_Resize_Font_Scale" type="2" value="1"/>
        <Theme_Other name="Animated_Header" type="0" value="true"/>
        <Theme_Other name="Animated_Header_Position" type="1" value="1"/>
        <Theme_Other name="Animated_Header_Speed" type="1" value="15"/>
        <Theme_Other name="Animated_Background" type="0" value="true"/>
        <Theme_Other name="Animated_Background_Speed" type="1" value="20"/>
        <Theme_Other name="Sidebar_Fit_With_Header" type="0" value="true"/>
        <Theme_Other name="Sidebar_Top" type="0" value="false"/>
        <Theme_Other name="Sidebar_Bottom" type="0" value="false"/>
        <Theme_Other name="Sidebar_Left" type="0" value="false"/>
        <Theme_Other name="Sidebar_Right" type="0" value="false"/>
    </Options>
</Theme>
