<Theme name="wik0r">
    <Options>
        <Theme_Colors name="Sidebar_Left_Top_R" type="2" value="0.89919353"/>
        <Theme_Colors name="Sidebar_Left_Top_G" type="2" value="0.55837017"/>
        <Theme_Colors name="Sidebar_Left_Top_B" type="2" value="0.85456222"/>
        <Theme_Colors name="Sidebar_Left_Top_A" type="2" value="1"/>
        <Theme_Colors name="Sidebar_Right_Top_R" type="2" value="1"/>
        <Theme_Colors name="Sidebar_Right_Top_G" type="2" value="0"/>
        <Theme_Colors name="Sidebar_Right_Top_B" type="2" value="0.6785717"/>
        <Theme_Colors name="Sidebar_Right_Top_A" type="2" value="1"/>
        <Theme_Colors name="Sidebar_Left_Bottom_R" type="2" value="1"/>
        <Theme_Colors name="Sidebar_Left_Bottom_G" type="2" value="0.04838711"/>
        <Theme_Colors name="Sidebar_Left_Bottom_B" type="2" value="0.87538493"/>
        <Theme_Colors name="Sidebar_Left_Bottom_A" type="2" value="1"/>
        <Theme_Colors name="Sidebar_Right_Bottom_R" type="2" value="0.93548387"/>
        <Theme_Colors name="Sidebar_Right_Bottom_G" type="2" value="0.80345994"/>
        <Theme_Colors name="Sidebar_Right_Bottom_B" type="2" value="0.92841142"/>
        <Theme_Colors name="Sidebar_Right_Bottom_A" type="2" value="1"/>
        <Theme_Colors name="Text_R" type="2" value="1"/>
        <Theme_Colors name="Text_G" type="2" value="1"/>
        <Theme_Colors name="Text_B" type="2" value="1"/>
        <Theme_Colors name="Text_A" type="2" value="1"/>
        <Theme_Colors name="Border_R" type="2" value="1"/>
        <Theme_Colors name="Border_G" type="2" value="0"/>
        <Theme_Colors name="Border_B" type="2" value="0.92356539"/>
        <Theme_Colors name="Border_A" type="2" value="0.80000007"/>
        <Theme_Colors name="Child_Border_R" type="2" value="0.96875364"/>
        <Theme_Colors name="Child_Border_G" type="2" value="0.25882348"/>
        <Theme_Colors name="Child_Border_B" type="2" value="0.98039222"/>
        <Theme_Colors name="Child_Border_A" type="2" value="0.80000007"/>
        <Theme_Colors name="Tab_Border_R" type="2" value="0.88707161"/>
        <Theme_Colors name="Tab_Border_G" type="2" value="0"/>
        <Theme_Colors name="Tab_Border_B" type="2" value="1"/>
        <Theme_Colors name="Tab_Border_A" type="2" value="0.80000007"/>
        <Theme_Colors name="Tab_Button_R" type="2" value="0.084677398"/>
        <Theme_Colors name="Tab_Button_G" type="2" value="0.030046821"/>
        <Theme_Colors name="Tab_Button_B" type="2" value="0.076306656"/>
        <Theme_Colors name="Tab_Button_A" type="2" value="1"/>
        <Theme_Colors name="Background_R" type="2" value="0.44354838"/>
        <Theme_Colors name="Background_G" type="2" value="0.3147763"/>
        <Theme_Colors name="Background_B" type="2" value="0.42643553"/>
        <Theme_Colors name="Background_A" type="2" value="0.59607846"/>
        <Theme_Colors name="Child_Background_R" type="2" value="0"/>
        <Theme_Colors name="Child_Background_G" type="2" value="0"/>
        <Theme_Colors name="Child_Background_B" type="2" value="0"/>
        <Theme_Colors name="Child_Background_A" type="2" value="0"/>
        <Theme_Colors name="Checkmark_R" type="2" value="1"/>
        <Theme_Colors name="Checkmark_G" type="2" value="0.99998999"/>
        <Theme_Colors name="Checkmark_B" type="2" value="0.9999997"/>
        <Theme_Colors name="Checkmark_A" type="2" value="1"/>
        <Theme_Colors name="Button_R" type="2" value="0.98039216"/>
        <Theme_Colors name="Button_G" type="2" value="0.26143789"/>
        <Theme_Colors name="Button_B" type="2" value="0.97193402"/>
        <Theme_Colors name="Button_A" type="2" value="1"/>
        <Theme_Colors name="Button_Hovered_R" type="2" value="0.24575977"/>
        <Theme_Colors name="Button_Hovered_G" type="2" value="0.18447581"/>
        <Theme_Colors name="Button_Hovered_B" type="2" value="0.25"/>
        <Theme_Colors name="Button_Hovered_A" type="2" value="1"/>
        <Theme_Colors name="Button_Clicked_R" type="2" value="0.9596529"/>
        <Theme_Colors name="Button_Clicked_G" type="2" value="0"/>
        <Theme_Colors name="Button_Clicked_B" type="2" value="1"/>
        <Theme_Colors name="Button_Clicked_A" type="2" value="1"/>
        <Theme_Colors name="Frame_R" type="2" value="1"/>
        <Theme_Colors name="Frame_G" type="2" value="0"/>
        <Theme_Colors name="Frame_B" type="2" value="0.89516544"/>
        <Theme_Colors name="Frame_A" type="2" value="0.85490197"/>
        <Theme_Colors name="Frame_Hovered_R" type="2" value="0.91958463"/>
        <Theme_Colors name="Frame_Hovered_G" type="2" value="0.02352941"/>
        <Theme_Colors name="Frame_Hovered_B" type="2" value="1"/>
        <Theme_Colors name="Frame_Hovered_A" type="2" value="0.56862748"/>
        <Theme_Colors name="Frame_Clicked_R" type="2" value="1"/>
        <Theme_Colors name="Frame_Clicked_G" type="2" value="0"/>
        <Theme_Colors name="Frame_Clicked_B" type="2" value="0.87096834"/>
        <Theme_Colors name="Frame_Clicked_A" type="2" value="0.67000002"/>
        <Theme_Colors name="Selectable_R" type="2" value="0.9596774"/>
        <Theme_Colors name="Selectable_G" type="2" value="0"/>
        <Theme_Colors name="Selectable_B" type="2" value="0.71975803"/>
        <Theme_Colors name="Selectable_A" type="2" value="0.31"/>
        <Theme_Colors name="Selectable_Hovered_R" type="2" value="0.77978635"/>
        <Theme_Colors name="Selectable_Hovered_G" type="2" value="0"/>
        <Theme_Colors name="Selectable_Hovered_B" type="2" value="0.87903225"/>
        <Theme_Colors name="Selectable_Hovered_A" type="2" value="0.80000001"/>
        <Theme_Colors name="Selectable_Clicked_R" type="2" value="0.98000002"/>
        <Theme_Colors name="Selectable_Clicked_G" type="2" value="0.25999999"/>
        <Theme_Colors name="Selectable_Clicked_B" type="2" value="0.93935508"/>
        <Theme_Colors name="Selectable_Clicked_A" type="2" value="1"/>
        <Theme_Colors name="Notify_Background_R" type="2" value="7.6207107e-07"/>
        <Theme_Colors name="Notify_Background_G" type="2" value="1.572581e-07"/>
        <Theme_Colors name="Notify_Background_B" type="2" value="1e-06"/>
        <Theme_Colors name="Notify_Background_A" type="2" value="0.94"/>
        <Theme_Colors name="Notify_Bottom_R" type="2" value="0.85080647"/>
        <Theme_Colors name="Notify_Bottom_G" type="2" value="0"/>
        <Theme_Colors name="Notify_Bottom_B" type="2" value="0.74102551"/>
        <Theme_Colors name="Notify_Bottom_A" type="2" value="1"/>
        <Theme_Colors name="Notify_Top_R" type="2" value="0.88627458"/>
        <Theme_Colors name="Notify_Top_G" type="2" value="0.13725489"/>
        <Theme_Colors name="Notify_Top_B" type="2" value="0.78962702"/>
        <Theme_Colors name="Notify_Top_A" type="2" value="1"/>
        <Theme_Fonts name="Tab_Font" type="1" value="5"/>
        <Theme_Fonts name="Child_Header_Font" type="1" value="1"/>
        <Theme_Fonts name="Text_Font" type="1" value="6"/>
        <Theme_Fonts name="Speedometer_Font" type="1" value="4"/>
        <Theme_Fonts name="Background_Font" type="1" value="1"/>
        <Theme_Fonts name="ESP_Font" type="1" value="6"/>
        <Theme_Other name="Auto_Resize" type="0" value="false"/>
        <Theme_Other name="Custom_Resize" type="0" value="false"/>
        <Theme_Other name="Custom_Resize_Scale_X" type="2" value="1"/>
        <Theme_Other name="Custom_Resize_Scale_Y" type="2" value="1"/>
        <Theme_Other name="Custom_Resize_Font_Scale" type="2" value="1"/>
        <Theme_Other name="Animated_Header" type="0" value="true"/>
        <Theme_Other name="Animated_Header_Position" type="1" value="0"/>
        <Theme_Other name="Animated_Header_Speed" type="1" value="50"/>
        <Theme_Other name="Animated_Background_Speed" type="1" value="20"/>
        <Theme_Other name="Sidebar_Fit_With_Header" type="0" value="true"/>
        <Theme_Other name="Sidebar_Top" type="0" value="true"/>
        <Theme_Other name="Sidebar_Bottom" type="0" value="false"/>
        <Theme_Other name="Sidebar_Left" type="0" value="false"/>
        <Theme_Other name="Sidebar_Right" type="0" value="false"/>
    </Options>
</Theme>
